time, 0, 1, 2, 3, 4, 5, 6, 7, 8, 9, 10, 11, 12, 13, 14, 15, 16, 17, 18, 19, 20, 21, 22, 23, 24, 25, 26, 27, 28, 29, 30, 37, 38, 39, 43, 44, 45, 64, 65, 66, 124, 125, 126
2021-06-19 00:00:00+00:00, 0, 0, 0, 0, 0, 0, 0, 0, 0, 0, 0, 0, 0, 0, 0, 0, 0, 0, 0, 0, 0, 0, 0, 0, 0, 0, 0, 0, 0, 0, 0, 0, 0, 0, 0, 0, 0, 0, 0, 0, 0, 0, 0
2021-06-19 06:00:00+00:00, 0, 0, 0, 0, 0, 0, 0, 0, 0, 0, 0, 0, 0, 0, 0, 0, 0, 0, 0, 0, 0, 0, 0, 0, 0, 0, 0, 0, 0, 0, 0, 0, 0, 0, 0, 0, 0, 0, 0, 0, 0, 0, 0
2021-06-19 12:00:00+00:00, 0, 0, 0, 0, 0, 0, 0, 0, 0, 0, 0, 0, 0, 0, 0, 0, 0, 0, 0, 0, 0, 0, 0, 0, 0, 0, 0, 0, 0, 0, 0, 0, 0, 0, 0, 0, 0, 0, 0, 0, 0, 0, 0
2021-06-19 18:00:00+00:00, 0, 0, 0, 0, 0, 0, 0, 0, 0, 0, 0, 0, 0, 0, 0, 0, 0, 0, 0, 0, 0, 0, 0, 0, 0, 0, 0, 0, 0, 0, 0, 0, 0, 0, 0, 0, 0, 0, 0, 0, 0, 0, 0
2021-06-20 00:00:00+00:00, 0, 0, 0, 0, 0, 0, 0, 0, 0, 0, 0, 0, 0, 0, 0, 0, 0, 0, 0, 0, 0, 0, 0, 0, 0, 0, 0, 0, 0, 0, 0, 0, 0, 0, 0, 0, 0, 0, 0, 0, 0, 0, 0
2021-06-20 06:00:00+00:00, 0, 0, 0, 0, 0, 0, 0, 0, 0, 0, 0, 0, 0, 0, 0, 0, 0, 0, 0, 0, 0, 0, 0, 0, 0, 0, 0, 0, 0, 0, 0, 0, 0, 0, 0, 0, 0, 0, 0, 0, 0, 0, 0
2021-06-20 12:00:00+00:00, 0, 0, 0, 0, 0, 0, 0, 0, 0, 0, 0, 0, 0, 0, 0, 0, 0, 0, 0, 0, 0, 0, 0, 0, 0, 0, 0, 0, 0, 0, 0, 0, 0, 0, 0, 0, 0, 0, 0, 0, 0, 0, 0
2021-06-20 18:00:00+00:00, 0, 0, 0, 0, 0, 0, 0, 0, 0, 0, 0, 0, 0, 0, 0, 0, 0, 0, 0, 0, 0, 0, 0, 0, 0, 0, 0, 0, 0, 0, 0, 0, 0, 0, 0, 0, 0, 0, 0, 0, 0, 0, 0
2021-06-21 00:00:00+00:00, 0, 0, 0, 0, 0, 0, 0, 0, 0, 0, 0, 0, 0, 0, 0, 0, 0, 0, 0, 0, 0, 0, 0, 0, 0, 0, 0, 0, 0, 0, 0, 0, 0, 0, 0, 0, 0, 0, 0, 0, 0, 0, 0
2021-06-21 06:00:00+00:00, 0, 0, 0, 0, 0, 0, 0, 0, 0, 0, 0, 0, 0, 0, 0, 0, 0, 0, 0, 0, 0, 0, 0, 0, 0, 0, 0, 0, 0, 0, 0, 0, 0, 0, 0, 0, 0, 0, 0, 0, 0, 0, 0
2021-06-21 12:00:00+00:00, 0, 0, 0, 0, 0, 0, 0, 0, 0, 0, 0, 0, 0, 0, 0, 0, 0, 0, 0, 0, 0, 0, 0, 0, 0, 0, 0, 0, 0, 0, 0, 0, 0, 0, 0, 0, 0, 0, 0, 0, 0, 0, 0
2021-06-21 18:00:00+00:00, 0, 0, 0, 0, 0, 0, 0, 0, 0, 0, 0, 0, 0, 0, 0, 0, 0, 0, 0, 0, 0, 0, 0, 0, 0, 0, 0, 0, 0, 0, 0, 0, 0, 0, 0, 0, 0, 0, 0, 0, 0, 0, 0
2021-06-22 00:00:00+00:00, 0, 0, 0, 0, 0, 0, 0, 0, 0, 0, 0, 0, 0, 0, 0, 0, 0, 0, 0, 0, 0, 0, 0, 0, 0, 0, 0, 0, 0, 0, 0, 0, 0, 0, 0, 0, 0, 0, 0, 0, 0, 0, 0
2021-06-22 06:00:00+00:00, 0, 0, 0, 0, 0, 0, 0, 0, 0, 0, 0, 0, 0, 0, 0, 0, 0, 0, 0, 0, 0, 0, 0, 0, 0, 0, 0, 0, 0, 0, 0, 0, 0, 0, 0, 0, 0, 0, 0, 0, 0, 0, 0
2021-06-22 12:00:00+00:00, 0, 0, 0, 0, 0, 0, 0, 0, 0, 0, 0, 0, 0, 0, 0, 0, 0, 0, 0, 0, 0, 0, 0, 0, 0, 0, 0, 0, 0, 0, 0, 0, 0, 0, 0, 0, 0, 0, 0, 0, 0, 0, 0
2021-06-22 18:00:00+00:00, 0, 0, 0, 0, 0, 0, 0, 0, 0, 0, 0, 0, 0, 0, 0, 0, 0, 0, 0, 0, 0, 0, 0, 0, 0, 0, 0, 0, 0, 0, 0, 0, 0, 0, 0, 0, 0, 0, 0, 0, 0, 0, 0
2021-06-23 00:00:00+00:00, 0, 0, 0, 0, 0, 0, 0, 0, 0, 0, 0, 0, 0, 0, 0, 0, 0, 0, 0, 0, 0, 0, 0, 0, 0, 0, 0, 0, 0, 0, 0, 0, 0, 0, 0, 0, 0, 0, 0, 0, 0, 0, 0
2021-06-23 06:00:00+00:00, 0, 0, 0, 0, 0, 0, 0, 0, 0, 0, 0, 0, 0, 0, 0, 0, 0, 0, 0, 0, 0, 0, 0, 0, 0, 0, 0, 0, 0, 0, 0, 0, 0, 0, 0, 0, 0, 0, 0, 0, 0, 0, 0
2021-06-23 12:00:00+00:00, 0, 0, 0, 0, 0, 0, 0, 0, 0, 0, 0, 0, 0, 0, 0, 0, 0, 0, 0, 0, 0, 0, 0, 0, 0, 0, 0, 0, 0, 0, 0, 0, 0, 0, 0, 0, 0, 0, 0, 0, 0, 0, 0
2021-06-23 18:00:00+00:00, 500, 20000, 3750, 1250, 1600, 300, 100, 10000, 1875, 625, 10000, 1875, 625, 6000, 1125, 375, 6000, 1125, 375, 1600, 300, 100, 1600, 300, 100, 1600, 300, 100, 1600, 300, 100, 8000, 1500, 500, 8000, 1500, 500, 0, 0, 0, 0, 0, 0
2021-06-24 00:00:00+00:00, 500, 20000, 3750, 1250, 1600, 300, 100, 10000, 1875, 625, 10000, 1875, 625, 6000, 1125, 375, 6000, 1125, 375, 1600, 300, 100, 1600, 300, 100, 1600, 300, 100, 1600, 300, 100, 8000, 1500, 500, 8000, 1500, 500, 0, 0, 0, 0, 0, 0
2021-06-24 06:00:00+00:00, 500, 20000, 3750, 1250, 1600, 300, 100, 10000, 1875, 625, 10000, 1875, 625, 6000, 1125, 375, 6000, 1125, 375, 1600, 300, 100, 1600, 300, 100, 1600, 300, 100, 1600, 300, 100, 8000, 1500, 500, 8000, 1500, 500, 0, 0, 0, 0, 0, 0
2021-06-24 12:00:00+00:00, 500, 20000, 3750, 1250, 1600, 300, 100, 10000, 1875, 625, 10000, 1875, 625, 6000, 1125, 375, 6000, 1125, 375, 1600, 300, 100, 1600, 300, 100, 1600, 300, 100, 1600, 300, 100, 8000, 1500, 500, 8000, 1500, 500, 0, 0, 0, 0, 0, 0
2021-06-24 18:00:00+00:00, 500, 20000, 3750, 1250, 1600, 300, 100, 10000, 1875, 625, 10000, 1875, 625, 6000, 1125, 375, 6000, 1125, 375, 1600, 300, 100, 1600, 300, 100, 1600, 300, 100, 1600, 300, 100, 8000, 1500, 500, 8000, 1500, 500, 0, 0, 0, 0, 0, 0
2021-06-25 00:00:00+00:00, 500, 20000, 3750, 1250, 1600, 300, 100, 10000, 1875, 625, 10000, 1875, 625, 6000, 1125, 375, 6000, 1125, 375, 1600, 300, 100, 1600, 300, 100, 1600, 300, 100, 1600, 300, 100, 8000, 1500, 500, 8000, 1500, 500, 0, 0, 0, 0, 0, 0
2021-06-25 06:00:00+00:00, 500, 20000, 3750, 1250, 1600, 300, 100, 10000, 1875, 625, 10000, 1875, 625, 6000, 1125, 375, 6000, 1125, 375, 1600, 300, 100, 1600, 300, 100, 1600, 300, 100, 1600, 300, 100, 8000, 1500, 500, 8000, 1500, 500, 0, 0, 0, 0, 0, 0
2021-06-25 12:00:00+00:00, 500, 20000, 3750, 1250, 1600, 300, 100, 10000, 1875, 625, 10000, 1875, 625, 6000, 1125, 375, 6000, 1125, 375, 1600, 300, 100, 1600, 300, 100, 1600, 300, 100, 1600, 300, 100, 8000, 1500, 500, 8000, 1500, 500, 0, 0, 0, 0, 0, 0
2021-06-25 18:00:00+00:00, 500, 20000, 3750, 1250, 1600, 300, 100, 10000, 1875, 625, 10000, 1875, 625, 6000, 1125, 375, 6000, 1125, 375, 1600, 300, 100, 1600, 300, 100, 1600, 300, 100, 1600, 300, 100, 8000, 1500, 500, 8000, 1500, 500, 0, 0, 0, 0, 0, 0
2021-06-26 00:00:00+00:00, 500, 20000, 3750, 1250, 1600, 300, 100, 10000, 1875, 625, 10000, 1875, 625, 6000, 1125, 375, 6000, 1125, 375, 1600, 300, 100, 1600, 300, 100, 1600, 300, 100, 1600, 300, 100, 8000, 1500, 500, 8000, 1500, 500, 0, 0, 0, 0, 0, 0
2021-06-26 06:00:00+00:00, 500, 20000, 3750, 1250, 1600, 300, 100, 10000, 1875, 625, 10000, 1875, 625, 6000, 1125, 375, 6000, 1125, 375, 1600, 300, 100, 1600, 300, 100, 1600, 300, 100, 1600, 300, 100, 8000, 1500, 500, 8000, 1500, 500, 0, 0, 0, 0, 0, 0
2021-06-26 12:00:00+00:00, 500, 20000, 3750, 1250, 1600, 300, 100, 10000, 1875, 625, 10000, 1875, 625, 6000, 1125, 375, 6000, 1125, 375, 1600, 300, 100, 1600, 300, 100, 1600, 300, 100, 1600, 300, 100, 8000, 1500, 500, 8000, 1500, 500, 0, 0, 0, 0, 0, 0
2021-06-26 18:00:00+00:00, 500, 20000, 3750, 1250, 1600, 300, 100, 10000, 1875, 625, 10000, 1875, 625, 6000, 1125, 375, 6000, 1125, 375, 1600, 300, 100, 1600, 300, 100, 1600, 300, 100, 1600, 300, 100, 8000, 1500, 500, 8000, 1500, 500, 0, 0, 0, 0, 0, 0
2021-06-27 00:00:00+00:00, 500, 20000, 3750, 1250, 1600, 300, 100, 10000, 1875, 625, 10000, 1875, 625, 6000, 1125, 375, 6000, 1125, 375, 1600, 300, 100, 1600, 300, 100, 1600, 300, 100, 1600, 300, 100, 8000, 1500, 500, 8000, 1500, 500, 0, 0, 0, 0, 0, 0
2021-06-27 06:00:00+00:00, 500, 20000, 3750, 1250, 1600, 300, 100, 10000, 1875, 625, 10000, 1875, 625, 6000, 1125, 375, 6000, 1125, 375, 1600, 300, 100, 1600, 300, 100, 1600, 300, 100, 1600, 300, 100, 8000, 1500, 500, 8000, 1500, 500, 0, 0, 0, 0, 0, 0
2021-06-27 12:00:00+00:00, 500, 20000, 3750, 1250, 1600, 300, 100, 10000, 1875, 625, 10000, 1875, 625, 6000, 1125, 375, 6000, 1125, 375, 1600, 300, 100, 1600, 300, 100, 1600, 300, 100, 1600, 300, 100, 8000, 1500, 500, 8000, 1500, 500, 0, 0, 0, 0, 0, 0
2021-06-27 18:00:00+00:00, 500, 20000, 3750, 1250, 1600, 300, 100, 10000, 1875, 625, 10000, 1875, 625, 6000, 1125, 375, 6000, 1125, 375, 1600, 300, 100, 1600, 300, 100, 1600, 300, 100, 1600, 300, 100, 8000, 1500, 500, 8000, 1500, 500, 0, 0, 0, 0, 0, 0
2021-06-28 00:00:00+00:00, 500, 20000, 3750, 1250, 1600, 300, 100, 10000, 1875, 625, 10000, 1875, 625, 6000, 1125, 375, 6000, 1125, 375, 1600, 300, 100, 1600, 300, 100, 1600, 300, 100, 1600, 300, 100, 8000, 1500, 500, 8000, 1500, 500, 0, 0, 0, 0, 0, 0
2021-06-28 06:00:00+00:00, 500, 20000, 3750, 1250, 1600, 300, 100, 10000, 1875, 625, 10000, 1875, 625, 6000, 1125, 375, 6000, 1125, 375, 1600, 300, 100, 1600, 300, 100, 1600, 300, 100, 1600, 300, 100, 8000, 1500, 500, 8000, 1500, 500, 0, 0, 0, 0, 0, 0
2021-06-28 12:00:00+00:00, 500, 20000, 3750, 1250, 1600, 300, 100, 10000, 1875, 625, 10000, 1875, 625, 6000, 1125, 375, 6000, 1125, 375, 1600, 300, 100, 1600, 300, 100, 1600, 300, 100, 1600, 300, 100, 8000, 1500, 500, 8000, 1500, 500, 0, 0, 0, 0, 0, 0
2021-06-28 18:00:00+00:00, 500, 20000, 3750, 1250, 1600, 300, 100, 10000, 1875, 625, 10000, 1875, 625, 6000, 1125, 375, 6000, 1125, 375, 1600, 300, 100, 1600, 300, 100, 1600, 300, 100, 1600, 300, 100, 8000, 1500, 500, 8000, 1500, 500, 0, 0, 0, 0, 0, 0
2021-06-29 00:00:00+00:00, 500, 20000, 3750, 1250, 1600, 300, 100, 10000, 1875, 625, 10000, 1875, 625, 6000, 1125, 375, 6000, 1125, 375, 1600, 300, 100, 1600, 300, 100, 1600, 300, 100, 1600, 300, 100, 8000, 1500, 500, 8000, 1500, 500, 0, 0, 0, 0, 0, 0
2021-06-29 06:00:00+00:00, 500, 20000, 3750, 1250, 1600, 300, 100, 10000, 1875, 625, 10000, 1875, 625, 6000, 1125, 375, 6000, 1125, 375, 1600, 300, 100, 1600, 300, 100, 1600, 300, 100, 1600, 300, 100, 8000, 1500, 500, 8000, 1500, 500, 0, 0, 0, 0, 0, 0
2021-06-29 12:00:00+00:00, 500, 20000, 3750, 1250, 1600, 300, 100, 10000, 1875, 625, 10000, 1875, 625, 6000, 1125, 375, 6000, 1125, 375, 1600, 300, 100, 1600, 300, 100, 1600, 300, 100, 1600, 300, 100, 8000, 1500, 500, 8000, 1500, 500, 0, 0, 0, 0, 0, 0
2021-06-29 18:00:00+00:00, 500, 20000, 3750, 1250, 1600, 300, 100, 10000, 1875, 625, 10000, 1875, 625, 6000, 1125, 375, 6000, 1125, 375, 1600, 300, 100, 1600, 300, 100, 1600, 300, 100, 1600, 300, 100, 8000, 1500, 500, 8000, 1500, 500, 0, 0, 0, 0, 0, 0
2021-06-30 00:00:00+00:00, 500, 20000, 3750, 1250, 1600, 300, 100, 10000, 1875, 625, 10000, 1875, 625, 6000, 1125, 375, 6000, 1125, 375, 1600, 300, 100, 1600, 300, 100, 1600, 300, 100, 1600, 300, 100, 8000, 1500, 500, 8000, 1500, 500, 0, 0, 0, 0, 0, 0
2021-06-30 06:00:00+00:00, 500, 20000, 3750, 1250, 1600, 300, 100, 10000, 1875, 625, 10000, 1875, 625, 6000, 1125, 375, 6000, 1125, 375, 1600, 300, 100, 1600, 300, 100, 1600, 300, 100, 1600, 300, 100, 8000, 1500, 500, 8000, 1500, 500, 0, 0, 0, 0, 0, 0
2021-06-30 12:00:00+00:00, 500, 20000, 3750, 1250, 1600, 300, 100, 10000, 1875, 625, 10000, 1875, 625, 6000, 1125, 375, 6000, 1125, 375, 1600, 300, 100, 1600, 300, 100, 1600, 300, 100, 1600, 300, 100, 8000, 1500, 500, 8000, 1500, 500, 0, 0, 0, 0, 0, 0
2021-06-30 18:00:00+00:00, 500, 20000, 3750, 1250, 1600, 300, 100, 10000, 1875, 625, 10000, 1875, 625, 6000, 1125, 375, 6000, 1125, 375, 1600, 300, 100, 1600, 300, 100, 1600, 300, 100, 1600, 300, 100, 8000, 1500, 500, 8000, 1500, 500, 0, 0, 0, 0, 0, 0
2021-07-01 00:00:00+00:00, 500, 20000, 3750, 1250, 1600, 300, 100, 10000, 1875, 625, 10000, 1875, 625, 6000, 1125, 375, 6000, 1125, 375, 1600, 300, 100, 1600, 300, 100, 1600, 300, 100, 1600, 300, 100, 8000, 1500, 500, 8000, 1500, 500, 0, 0, 0, 0, 0, 0
2021-07-01 06:00:00+00:00, 500, 20000, 3750, 1250, 1600, 300, 100, 10000, 1875, 625, 10000, 1875, 625, 6000, 1125, 375, 6000, 1125, 375, 1600, 300, 100, 1600, 300, 100, 1600, 300, 100, 1600, 300, 100, 8000, 1500, 500, 8000, 1500, 500, 0, 0, 0, 0, 0, 0
2021-07-01 12:00:00+00:00, 500, 20000, 3750, 1250, 1600, 300, 100, 10000, 1875, 625, 10000, 1875, 625, 6000, 1125, 375, 6000, 1125, 375, 1600, 300, 100, 1600, 300, 100, 1600, 300, 100, 1600, 300, 100, 8000, 1500, 500, 8000, 1500, 500, 0, 0, 0, 0, 0, 0
2021-07-01 18:00:00+00:00, 500, 20000, 3750, 1250, 1600, 300, 100, 10000, 1875, 625, 10000, 1875, 625, 6000, 1125, 375, 6000, 1125, 375, 1600, 300, 100, 1600, 300, 100, 1600, 300, 100, 1600, 300, 100, 8000, 1500, 500, 8000, 1500, 500, 0, 0, 0, 0, 0, 0
2021-07-02 00:00:00+00:00, 500, 20000, 3750, 1250, 1600, 300, 100, 10000, 1875, 625, 10000, 1875, 625, 6000, 1125, 375, 6000, 1125, 375, 1600, 300, 100, 1600, 300, 100, 1600, 300, 100, 1600, 300, 100, 8000, 1500, 500, 8000, 1500, 500, 0, 0, 0, 0, 0, 0
2021-07-02 06:00:00+00:00, 500, 20000, 3750, 1250, 1600, 300, 100, 10000, 1875, 625, 10000, 1875, 625, 6000, 1125, 375, 6000, 1125, 375, 1600, 300, 100, 1600, 300, 100, 1600, 300, 100, 1600, 300, 100, 8000, 1500, 500, 8000, 1500, 500, 0, 0, 0, 0, 0, 0
2021-07-02 12:00:00+00:00, 500, 20000, 3750, 1250, 1600, 300, 100, 10000, 1875, 625, 10000, 1875, 625, 6000, 1125, 375, 6000, 1125, 375, 1600, 300, 100, 1600, 300, 100, 1600, 300, 100, 1600, 300, 100, 8000, 1500, 500, 8000, 1500, 500, 0, 0, 0, 0, 0, 0
2021-07-02 18:00:00+00:00, 500, 20000, 3750, 1250, 1600, 300, 100, 10000, 1875, 625, 10000, 1875, 625, 6000, 1125, 375, 6000, 1125, 375, 1600, 300, 100, 1600, 300, 100, 1600, 300, 100, 1600, 300, 100, 8000, 1500, 500, 8000, 1500, 500, 0, 0, 0, 0, 0, 0
2021-07-03 00:00:00+00:00, 5740, 20000, 3750, 1250, 1840, 345, 115, 10000, 1875, 625, 10000, 1875, 625, 6000, 1125, 375, 6000, 1125, 375, 1600, 300, 100, 1600, 300, 100, 1600, 300, 100, 1600, 300, 100, 8000, 1500, 500, 8000, 1500, 500, 6890, 5512, 1033, 6890, 5512, 1033
2021-07-03 06:00:00+00:00, 5740, 20000, 3750, 1250, 1840, 345, 115, 10000, 1875, 625, 10000, 1875, 625, 6000, 1125, 375, 6000, 1125, 375, 1600, 300, 100, 1600, 300, 100, 1600, 300, 100, 1600, 300, 100, 8000, 1500, 500, 8000, 1500, 500, 6890, 5512, 1033, 6890, 5512, 1033
2021-07-03 12:00:00+00:00, 5740, 20000, 3750, 1250, 1840, 345, 115, 10000, 1875, 625, 10000, 1875, 625, 6000, 1125, 375, 6000, 1125, 375, 1600, 300, 100, 1600, 300, 100, 1600, 300, 100, 1600, 300, 100, 8000, 1500, 500, 8000, 1500, 500, 6890, 5512, 1033, 6890, 5512, 1033
2021-07-03 18:00:00+00:00, 5740, 20000, 3750, 1250, 1840, 345, 115, 10000, 1875, 625, 10000, 1875, 625, 6000, 1125, 375, 6000, 1125, 375, 1600, 300, 100, 1600, 300, 100, 1600, 300, 100, 1600, 300, 100, 8000, 1500, 500, 8000, 1500, 500, 6890, 5512, 1033, 6890, 5512, 1033
2021-07-04 00:00:00+00:00, 5740, 20000, 3750, 1250, 1840, 345, 115, 10000, 1875, 625, 10000, 1875, 625, 6000, 1125, 375, 6000, 1125, 375, 1600, 300, 100, 1600, 300, 100, 1600, 300, 100, 1600, 300, 100, 8000, 1500, 500, 8000, 1500, 500, 6890, 5512, 1033, 6890, 5512, 1033
2021-07-04 06:00:00+00:00, 5740, 20000, 3750, 1250, 1840, 345, 115, 10000, 1875, 625, 10000, 1875, 625, 6000, 1125, 375, 6000, 1125, 375, 1600, 300, 100, 1600, 300, 100, 1600, 300, 100, 1600, 300, 100, 8000, 1500, 500, 8000, 1500, 500, 6890, 5512, 1033, 6890, 5512, 1033
2021-07-04 12:00:00+00:00, 5740, 20000, 3750, 1250, 1840, 345, 115, 10000, 1875, 625, 10000, 1875, 625, 6000, 1125, 375, 6000, 1125, 375, 1600, 300, 100, 1600, 300, 100, 1600, 300, 100, 1600, 300, 100, 8000, 1500, 500, 8000, 1500, 500, 6890, 5512, 1033, 6890, 5512, 1033
2021-07-04 18:00:00+00:00, 5740, 20000, 3750, 1250, 1840, 345, 115, 10000, 1875, 625, 10000, 1875, 625, 6000, 1125, 375, 6000, 1125, 375, 1600, 300, 100, 1600, 300, 100, 1600, 300, 100, 1600, 300, 100, 8000, 1500, 500, 8000, 1500, 500, 6890, 5512, 1033, 6890, 5512, 1033
2021-07-05 00:00:00+00:00, 5740, 20000, 3750, 1250, 1840, 345, 115, 10000, 1875, 625, 10000, 1875, 625, 6000, 1125, 375, 6000, 1125, 375, 1600, 300, 100, 1600, 300, 100, 1600, 300, 100, 1600, 300, 100, 8000, 1500, 500, 8000, 1500, 500, 6890, 5512, 1033, 6890, 5512, 1033
2021-07-05 06:00:00+00:00, 5740, 20000, 3750, 1250, 1840, 345, 115, 10000, 1875, 625, 10000, 1875, 625, 6000, 1125, 375, 6000, 1125, 375, 1600, 300, 100, 1600, 300, 100, 1600, 300, 100, 1600, 300, 100, 8000, 1500, 500, 8000, 1500, 500, 6890, 5512, 1033, 6890, 5512, 1033
2021-07-05 12:00:00+00:00, 5740, 20000, 3750, 1250, 1840, 345, 115, 10000, 1875, 625, 10000, 1875, 625, 6000, 1125, 375, 6000, 1125, 375, 1600, 300, 100, 1600, 300, 100, 1600, 300, 100, 1600, 300, 100, 8000, 1500, 500, 8000, 1500, 500, 6890, 5512, 1033, 6890, 5512, 1033
2021-07-05 18:00:00+00:00, 5740, 20000, 3750, 1250, 1840, 345, 115, 10000, 1875, 625, 10000, 1875, 625, 6000, 1125, 375, 6000, 1125, 375, 1600, 300, 100, 1600, 300, 100, 1600, 300, 100, 1600, 300, 100, 8000, 1500, 500, 8000, 1500, 500, 6890, 5512, 1033, 6890, 5512, 1033
2021-07-06 00:00:00+00:00, 5740, 20000, 3750, 1250, 1840, 345, 115, 10000, 1875, 625, 10000, 1875, 625, 6000, 1125, 375, 6000, 1125, 375, 1600, 300, 100, 1600, 300, 100, 1600, 300, 100, 1600, 300, 100, 8000, 1500, 500, 8000, 1500, 500, 6890, 5512, 1033, 6890, 5512, 1033
2021-07-06 06:00:00+00:00, 5740, 20000, 3750, 1250, 1840, 345, 115, 10000, 1875, 625, 10000, 1875, 625, 6000, 1125, 375, 6000, 1125, 375, 1600, 300, 100, 1600, 300, 100, 1600, 300, 100, 1600, 300, 100, 8000, 1500, 500, 8000, 1500, 500, 6890, 5512, 1033, 6890, 5512, 1033
2021-07-06 12:00:00+00:00, 5740, 20000, 3750, 1250, 1840, 345, 115, 10000, 1875, 625, 10000, 1875, 625, 6000, 1125, 375, 6000, 1125, 375, 1600, 300, 100, 1600, 300, 100, 1600, 300, 100, 1600, 300, 100, 8000, 1500, 500, 8000, 1500, 500, 6890, 5512, 1033, 6890, 5512, 1033
2021-07-06 18:00:00+00:00, 5740, 20000, 3750, 1250, 1840, 345, 115, 10000, 1875, 625, 10000, 1875, 625, 6000, 1125, 375, 6000, 1125, 375, 1600, 300, 100, 1600, 300, 100, 1600, 300, 100, 1600, 300, 100, 8000, 1500, 500, 8000, 1500, 500, 6890, 5512, 1033, 6890, 5512, 1033
2021-07-07 00:00:00+00:00, 5740, 20000, 3750, 1250, 1840, 345, 115, 10000, 1875, 625, 10000, 1875, 625, 6000, 1125, 375, 6000, 1125, 375, 1600, 300, 100, 1600, 300, 100, 1600, 300, 100, 1600, 300, 100, 8000, 1500, 500, 8000, 1500, 500, 6890, 5512, 1033, 6890, 5512, 1033
2021-07-07 06:00:00+00:00, 5740, 20000, 3750, 1250, 1840, 345, 115, 10000, 1875, 625, 10000, 1875, 625, 6000, 1125, 375, 6000, 1125, 375, 1600, 300, 100, 1600, 300, 100, 1600, 300, 100, 1600, 300, 100, 8000, 1500, 500, 8000, 1500, 500, 6890, 5512, 1033, 6890, 5512, 1033
2021-07-07 12:00:00+00:00, 5740, 20000, 3750, 1250, 1840, 345, 115, 10000, 1875, 625, 10000, 1875, 625, 6000, 1125, 375, 6000, 1125, 375, 1600, 300, 100, 1600, 300, 100, 1600, 300, 100, 1600, 300, 100, 8000, 1500, 500, 8000, 1500, 500, 6890, 5512, 1033, 6890, 5512, 1033
2021-07-07 18:00:00+00:00, 5740, 20000, 3750, 1250, 1840, 345, 115, 10000, 1875, 625, 10000, 1875, 625, 6000, 1125, 375, 6000, 1125, 375, 1600, 300, 100, 1600, 300, 100, 1600, 300, 100, 1600, 300, 100, 8000, 1500, 500, 8000, 1500, 500, 6890, 5512, 1033, 6890, 5512, 1033
2021-07-08 00:00:00+00:00, 10000, 182720, 34260, 11420, 16000, 3000, 1000, 91360, 17130, 5710, 91360, 17130, 5710, 54880, 10290, 3430, 54880, 10290, 3430, 14640, 2745, 915, 14640, 2745, 915, 14640, 2745, 915, 14640, 2745, 915, 73120, 13710, 4570, 73120, 13710, 4570, 48000, 9000, 3000, 48000, 9000, 3000
2021-07-08 06:00:00+00:00, 10000, 182720, 34260, 11420, 16000, 3000, 1000, 91360, 17130, 5710, 91360, 17130, 5710, 54880, 10290, 3430, 54880, 10290, 3430, 14640, 2745, 915, 14640, 2745, 915, 14640, 2745, 915, 14640, 2745, 915, 73120, 13710, 4570, 73120, 13710, 4570, 48000, 9000, 3000, 48000, 9000, 3000
2021-07-08 12:00:00+00:00, 10000, 182720, 34260, 11420, 16000, 3000, 1000, 91360, 17130, 5710, 91360, 17130, 5710, 54880, 10290, 3430, 54880, 10290, 3430, 14640, 2745, 915, 14640, 2745, 915, 14640, 2745, 915, 14640, 2745, 915, 73120, 13710, 4570, 73120, 13710, 4570, 48000, 9000, 3000, 48000, 9000, 3000
2021-07-08 18:00:00+00:00, 10000, 182720, 34260, 11420, 16000, 3000, 1000, 91360, 17130, 5710, 91360, 17130, 5710, 54880, 10290, 3430, 54880, 10290, 3430, 14640, 2745, 915, 14640, 2745, 915, 14640, 2745, 915, 14640, 2745, 915, 73120, 13710, 4570, 73120, 13710, 4570, 48000, 9000, 3000, 48000, 9000, 3000
2021-07-09 00:00:00+00:00, 10000, 182720, 34260, 11420, 16000, 3000, 1000, 91360, 17130, 5710, 91360, 17130, 5710, 54880, 10290, 3430, 54880, 10290, 3430, 14640, 2745, 915, 14640, 2745, 915, 14640, 2745, 915, 14640, 2745, 915, 73120, 13710, 4570, 73120, 13710, 4570, 48000, 9000, 3000, 48000, 9000, 3000
2021-07-09 06:00:00+00:00, 10000, 182720, 34260, 11420, 16000, 3000, 1000, 91360, 17130, 5710, 91360, 17130, 5710, 54880, 10290, 3430, 54880, 10290, 3430, 14640, 2745, 915, 14640, 2745, 915, 14640, 2745, 915, 14640, 2745, 915, 73120, 13710, 4570, 73120, 13710, 4570, 48000, 9000, 3000, 48000, 9000, 3000
2021-07-09 12:00:00+00:00, 10000, 182720, 34260, 11420, 16000, 3000, 1000, 91360, 17130, 5710, 91360, 17130, 5710, 54880, 10290, 3430, 54880, 10290, 3430, 14640, 2745, 915, 14640, 2745, 915, 14640, 2745, 915, 14640, 2745, 915, 73120, 13710, 4570, 73120, 13710, 4570, 48000, 9000, 3000, 48000, 9000, 3000
2021-07-09 18:00:00+00:00, 10000, 182720, 34260, 11420, 16000, 3000, 1000, 91360, 17130, 5710, 91360, 17130, 5710, 54880, 10290, 3430, 54880, 10290, 3430, 14640, 2745, 915, 14640, 2745, 915, 14640, 2745, 915, 14640, 2745, 915, 73120, 13710, 4570, 73120, 13710, 4570, 48000, 9000, 3000, 48000, 9000, 3000
2021-07-10 00:00:00+00:00, 10000, 182720, 34260, 11420, 16000, 3000, 1000, 91360, 17130, 5710, 91360, 17130, 5710, 54880, 10290, 3430, 54880, 10290, 3430, 14640, 2745, 915, 14640, 2745, 915, 14640, 2745, 915, 14640, 2745, 915, 73120, 13710, 4570, 73120, 13710, 4570, 48000, 9000, 3000, 48000, 9000, 3000
2021-07-10 06:00:00+00:00, 10000, 182720, 34260, 11420, 16000, 3000, 1000, 91360, 17130, 5710, 91360, 17130, 5710, 54880, 10290, 3430, 54880, 10290, 3430, 14640, 2745, 915, 14640, 2745, 915, 14640, 2745, 915, 14640, 2745, 915, 73120, 13710, 4570, 73120, 13710, 4570, 48000, 9000, 3000, 48000, 9000, 3000
2021-07-10 12:00:00+00:00, 10000, 182720, 34260, 11420, 16000, 3000, 1000, 91360, 17130, 5710, 91360, 17130, 5710, 54880, 10290, 3430, 54880, 10290, 3430, 14640, 2745, 915, 14640, 2745, 915, 14640, 2745, 915, 14640, 2745, 915, 73120, 13710, 4570, 73120, 13710, 4570, 48000, 9000, 3000, 48000, 9000, 3000
2021-07-10 18:00:00+00:00, 10000, 182720, 34260, 11420, 16000, 3000, 1000, 91360, 17130, 5710, 91360, 17130, 5710, 54880, 10290, 3430, 54880, 10290, 3430, 14640, 2745, 915, 14640, 2745, 915, 14640, 2745, 915, 14640, 2745, 915, 73120, 13710, 4570, 73120, 13710, 4570, 48000, 9000, 3000, 48000, 9000, 3000
2021-07-11 00:00:00+00:00, 10000, 182720, 34260, 11420, 16000, 3000, 1000, 91360, 17130, 5710, 91360, 17130, 5710, 54880, 10290, 3430, 54880, 10290, 3430, 14640, 2745, 915, 14640, 2745, 915, 14640, 2745, 915, 14640, 2745, 915, 73120, 13710, 4570, 73120, 13710, 4570, 48000, 9000, 3000, 48000, 9000, 3000
2021-07-11 06:00:00+00:00, 10000, 182720, 34260, 11420, 16000, 3000, 1000, 91360, 17130, 5710, 91360, 17130, 5710, 54880, 10290, 3430, 54880, 10290, 3430, 14640, 2745, 915, 14640, 2745, 915, 14640, 2745, 915, 14640, 2745, 915, 73120, 13710, 4570, 73120, 13710, 4570, 48000, 9000, 3000, 48000, 9000, 3000
2021-07-11 12:00:00+00:00, 10000, 182720, 34260, 11420, 16000, 3000, 1000, 91360, 17130, 5710, 91360, 17130, 5710, 54880, 10290, 3430, 54880, 10290, 3430, 14640, 2745, 915, 14640, 2745, 915, 14640, 2745, 915, 14640, 2745, 915, 73120, 13710, 4570, 73120, 13710, 4570, 48000, 9000, 3000, 48000, 9000, 3000
2021-07-11 18:00:00+00:00, 10000, 182720, 34260, 11420, 16000, 3000, 1000, 91360, 17130, 5710, 91360, 17130, 5710, 54880, 10290, 3430, 54880, 10290, 3430, 14640, 2745, 915, 14640, 2745, 915, 14640, 2745, 915, 14640, 2745, 915, 73120, 13710, 4570, 73120, 13710, 4570, 48000, 9000, 3000, 48000, 9000, 3000
2021-07-12 00:00:00+00:00, 10000, 182720, 34260, 11420, 16000, 3000, 1000, 91360, 17130, 5710, 91360, 17130, 5710, 54880, 10290, 3430, 54880, 10290, 3430, 14640, 2745, 915, 14640, 2745, 915, 14640, 2745, 915, 14640, 2745, 915, 73120, 13710, 4570, 73120, 13710, 4570, 48000, 9000, 3000, 48000, 9000, 3000
2021-07-12 06:00:00+00:00, 10000, 182720, 34260, 11420, 16000, 3000, 1000, 91360, 17130, 5710, 91360, 17130, 5710, 54880, 10290, 3430, 54880, 10290, 3430, 14640, 2745, 915, 14640, 2745, 915, 14640, 2745, 915, 14640, 2745, 915, 73120, 13710, 4570, 73120, 13710, 4570, 48000, 9000, 3000, 48000, 9000, 3000
2021-07-12 12:00:00+00:00, 10000, 182720, 34260, 11420, 16000, 3000, 1000, 91360, 17130, 5710, 91360, 17130, 5710, 54880, 10290, 3430, 54880, 10290, 3430, 14640, 2745, 915, 14640, 2745, 915, 14640, 2745, 915, 14640, 2745, 915, 73120, 13710, 4570, 73120, 13710, 4570, 48000, 9000, 3000, 48000, 9000, 3000
2021-07-12 18:00:00+00:00, 10000, 182720, 34260, 11420, 16000, 3000, 1000, 91360, 17130, 5710, 91360, 17130, 5710, 54880, 10290, 3430, 54880, 10290, 3430, 14640, 2745, 915, 14640, 2745, 915, 14640, 2745, 915, 14640, 2745, 915, 73120, 13710, 4570, 73120, 13710, 4570, 48000, 9000, 3000, 48000, 9000, 3000
2021-07-13 00:00:00+00:00, 10000, 182720, 34260, 11420, 16000, 3000, 1000, 91360, 17130, 5710, 91360, 17130, 5710, 54880, 10290, 3430, 54880, 10290, 3430, 14640, 2745, 915, 14640, 2745, 915, 14640, 2745, 915, 14640, 2745, 915, 73120, 13710, 4570, 73120, 13710, 4570, 48000, 9000, 3000, 48000, 9000, 3000
2021-07-13 06:00:00+00:00, 10000, 182720, 34260, 11420, 16000, 3000, 1000, 91360, 17130, 5710, 91360, 17130, 5710, 54880, 10290, 3430, 54880, 10290, 3430, 14640, 2745, 915, 14640, 2745, 915, 14640, 2745, 915, 14640, 2745, 915, 73120, 13710, 4570, 73120, 13710, 4570, 48000, 9000, 3000, 48000, 9000, 3000
2021-07-13 12:00:00+00:00, 10000, 182720, 34260, 11420, 16000, 3000, 1000, 91360, 17130, 5710, 91360, 17130, 5710, 54880, 10290, 3430, 54880, 10290, 3430, 14640, 2745, 915, 14640, 2745, 915, 14640, 2745, 915, 14640, 2745, 915, 73120, 13710, 4570, 73120, 13710, 4570, 48000, 9000, 3000, 48000, 9000, 3000
2021-07-13 18:00:00+00:00, 10000, 182720, 34260, 11420, 16000, 3000, 1000, 91360, 17130, 5710, 91360, 17130, 5710, 54880, 10290, 3430, 54880, 10290, 3430, 14640, 2745, 915, 14640, 2745, 915, 14640, 2745, 915, 14640, 2745, 915, 73120, 13710, 4570, 73120, 13710, 4570, 48000, 9000, 3000, 48000, 9000, 3000
2021-07-14 00:00:00+00:00, 10000, 182720, 34260, 11420, 16000, 3000, 1000, 91360, 17130, 5710, 91360, 17130, 5710, 54880, 10290, 3430, 54880, 10290, 3430, 14640, 2745, 915, 14640, 2745, 915, 14640, 2745, 915, 14640, 2745, 915, 73120, 13710, 4570, 73120, 13710, 4570, 48000, 9000, 3000, 48000, 9000, 3000
2021-07-14 06:00:00+00:00, 10000, 182720, 34260, 11420, 16000, 3000, 1000, 91360, 17130, 5710, 91360, 17130, 5710, 54880, 10290, 3430, 54880, 10290, 3430, 14640, 2745, 915, 14640, 2745, 915, 14640, 2745, 915, 14640, 2745, 915, 73120, 13710, 4570, 73120, 13710, 4570, 48000, 9000, 3000, 48000, 9000, 3000
2021-07-14 12:00:00+00:00, 10000, 182720, 34260, 11420, 16000, 3000, 1000, 91360, 17130, 5710, 91360, 17130, 5710, 54880, 10290, 3430, 54880, 10290, 3430, 14640, 2745, 915, 14640, 2745, 915, 14640, 2745, 915, 14640, 2745, 915, 73120, 13710, 4570, 73120, 13710, 4570, 48000, 9000, 3000, 48000, 9000, 3000
2021-07-14 18:00:00+00:00, 10000, 182720, 34260, 11420, 16000, 3000, 1000, 91360, 17130, 5710, 91360, 17130, 5710, 54880, 10290, 3430, 54880, 10290, 3430, 14640, 2745, 915, 14640, 2745, 915, 14640, 2745, 915, 14640, 2745, 915, 73120, 13710, 4570, 73120, 13710, 4570, 48000, 9000, 3000, 48000, 9000, 3000
2021-07-15 00:00:00+00:00, 10000, 182720, 34260, 11420, 16000, 3000, 1000, 91360, 17130, 5710, 91360, 17130, 5710, 54880, 10290, 3430, 54880, 10290, 3430, 14640, 2745, 915, 14640, 2745, 915, 14640, 2745, 915, 14640, 2745, 915, 73120, 13710, 4570, 73120, 13710, 4570, 48000, 9000, 3000, 48000, 9000, 3000
2021-07-15 06:00:00+00:00, 10000, 182720, 34260, 11420, 16000, 3000, 1000, 91360, 17130, 5710, 91360, 17130, 5710, 54880, 10290, 3430, 54880, 10290, 3430, 14640, 2745, 915, 14640, 2745, 915, 14640, 2745, 915, 14640, 2745, 915, 73120, 13710, 4570, 73120, 13710, 4570, 48000, 9000, 3000, 48000, 9000, 3000
2021-07-15 12:00:00+00:00, 10000, 182720, 34260, 11420, 16000, 3000, 1000, 91360, 17130, 5710, 91360, 17130, 5710, 54880, 10290, 3430, 54880, 10290, 3430, 14640, 2745, 915, 14640, 2745, 915, 14640, 2745, 915, 14640, 2745, 915, 73120, 13710, 4570, 73120, 13710, 4570, 48000, 9000, 3000, 48000, 9000, 3000
2021-07-15 18:00:00+00:00, 10000, 182720, 34260, 11420, 16000, 3000, 1000, 91360, 17130, 5710, 91360, 17130, 5710, 54880, 10290, 3430, 54880, 10290, 3430, 14640, 2745, 915, 14640, 2745, 915, 14640, 2745, 915, 14640, 2745, 915, 73120, 13710, 4570, 73120, 13710, 4570, 48000, 9000, 3000, 48000, 9000, 3000
2021-07-16 00:00:00+00:00, 10000, 182720, 34260, 11420, 16000, 3000, 1000, 91360, 17130, 5710, 91360, 17130, 5710, 54880, 10290, 3430, 54880, 10290, 3430, 14640, 2745, 915, 14640, 2745, 915, 14640, 2745, 915, 14640, 2745, 915, 73120, 13710, 4570, 73120, 13710, 4570, 48000, 9000, 3000, 48000, 9000, 3000
2021-07-16 06:00:00+00:00, 10000, 182720, 34260, 11420, 16000, 3000, 1000, 91360, 17130, 5710, 91360, 17130, 5710, 54880, 10290, 3430, 54880, 10290, 3430, 14640, 2745, 915, 14640, 2745, 915, 14640, 2745, 915, 14640, 2745, 915, 73120, 13710, 4570, 73120, 13710, 4570, 48000, 9000, 3000, 48000, 9000, 3000
2021-07-16 12:00:00+00:00, 10000, 182720, 34260, 11420, 16000, 3000, 1000, 91360, 17130, 5710, 91360, 17130, 5710, 54880, 10290, 3430, 54880, 10290, 3430, 14640, 2745, 915, 14640, 2745, 915, 14640, 2745, 915, 14640, 2745, 915, 73120, 13710, 4570, 73120, 13710, 4570, 48000, 9000, 3000, 48000, 9000, 3000
2021-07-16 18:00:00+00:00, 10000, 182720, 34260, 11420, 16000, 3000, 1000, 91360, 17130, 5710, 91360, 17130, 5710, 54880, 10290, 3430, 54880, 10290, 3430, 14640, 2745, 915, 14640, 2745, 915, 14640, 2745, 915, 14640, 2745, 915, 73120, 13710, 4570, 73120, 13710, 4570, 48000, 9000, 3000, 48000, 9000, 3000
2021-07-17 00:00:00+00:00, 10000, 182720, 34260, 11420, 16000, 3000, 1000, 91360, 17130, 5710, 91360, 17130, 5710, 54880, 10290, 3430, 54880, 10290, 3430, 14640, 2745, 915, 14640, 2745, 915, 14640, 2745, 915, 14640, 2745, 915, 73120, 13710, 4570, 73120, 13710, 4570, 48000, 9000, 3000, 48000, 9000, 3000
2021-07-17 06:00:00+00:00, 10000, 182720, 34260, 11420, 16000, 3000, 1000, 91360, 17130, 5710, 91360, 17130, 5710, 54880, 10290, 3430, 54880, 10290, 3430, 14640, 2745, 915, 14640, 2745, 915, 14640, 2745, 915, 14640, 2745, 915, 73120, 13710, 4570, 73120, 13710, 4570, 48000, 9000, 3000, 48000, 9000, 3000
2021-07-17 12:00:00+00:00, 10000, 182720, 34260, 11420, 16000, 3000, 1000, 91360, 17130, 5710, 91360, 17130, 5710, 54880, 10290, 3430, 54880, 10290, 3430, 14640, 2745, 915, 14640, 2745, 915, 14640, 2745, 915, 14640, 2745, 915, 73120, 13710, 4570, 73120, 13710, 4570, 48000, 9000, 3000, 48000, 9000, 3000
2021-07-17 18:00:00+00:00, 10000, 182720, 34260, 11420, 16000, 3000, 1000, 91360, 17130, 5710, 91360, 17130, 5710, 54880, 10290, 3430, 54880, 10290, 3430, 14640, 2745, 915, 14640, 2745, 915, 14640, 2745, 915, 14640, 2745, 915, 73120, 13710, 4570, 73120, 13710, 4570, 48000, 9000, 3000, 48000, 9000, 3000
2021-07-18 00:00:00+00:00, 10000, 182720, 34260, 11420, 16000, 3000, 1000, 91360, 17130, 5710, 91360, 17130, 5710, 54880, 10290, 3430, 54880, 10290, 3430, 14640, 2745, 915, 14640, 2745, 915, 14640, 2745, 915, 14640, 2745, 915, 73120, 13710, 4570, 73120, 13710, 4570, 48000, 9000, 3000, 48000, 9000, 3000
2021-07-18 06:00:00+00:00, 10000, 182720, 34260, 11420, 16000, 3000, 1000, 91360, 17130, 5710, 91360, 17130, 5710, 54880, 10290, 3430, 54880, 10290, 3430, 14640, 2745, 915, 14640, 2745, 915, 14640, 2745, 915, 14640, 2745, 915, 73120, 13710, 4570, 73120, 13710, 4570, 48000, 9000, 3000, 48000, 9000, 3000
2021-07-18 12:00:00+00:00, 10000, 182720, 34260, 11420, 16000, 3000, 1000, 91360, 17130, 5710, 91360, 17130, 5710, 54880, 10290, 3430, 54880, 10290, 3430, 14640, 2745, 915, 14640, 2745, 915, 14640, 2745, 915, 14640, 2745, 915, 73120, 13710, 4570, 73120, 13710, 4570, 48000, 9000, 3000, 48000, 9000, 3000
2021-07-18 18:00:00+00:00, 10000, 182720, 34260, 11420, 16000, 3000, 1000, 91360, 17130, 5710, 91360, 17130, 5710, 54880, 10290, 3430, 54880, 10290, 3430, 14640, 2745, 915, 14640, 2745, 915, 14640, 2745, 915, 14640, 2745, 915, 73120, 13710, 4570, 73120, 13710, 4570, 48000, 9000, 3000, 48000, 9000, 3000
2021-07-19 00:00:00+00:00, 10000, 182720, 34260, 11420, 16000, 3000, 1000, 91360, 17130, 5710, 91360, 17130, 5710, 54880, 10290, 3430, 54880, 10290, 3430, 14640, 2745, 915, 14640, 2745, 915, 14640, 2745, 915, 14640, 2745, 915, 73120, 13710, 4570, 73120, 13710, 4570, 48000, 9000, 3000, 48000, 9000, 3000
2021-07-19 06:00:00+00:00, 10000, 182720, 34260, 11420, 16000, 3000, 1000, 91360, 17130, 5710, 91360, 17130, 5710, 54880, 10290, 3430, 54880, 10290, 3430, 14640, 2745, 915, 14640, 2745, 915, 14640, 2745, 915, 14640, 2745, 915, 73120, 13710, 4570, 73120, 13710, 4570, 48000, 9000, 3000, 48000, 9000, 3000
2021-07-19 12:00:00+00:00, 10000, 182720, 34260, 11420, 16000, 3000, 1000, 91360, 17130, 5710, 91360, 17130, 5710, 54880, 10290, 3430, 54880, 10290, 3430, 14640, 2745, 915, 14640, 2745, 915, 14640, 2745, 915, 14640, 2745, 915, 73120, 13710, 4570, 73120, 13710, 4570, 48000, 9000, 3000, 48000, 9000, 3000
2021-07-19 18:00:00+00:00, 10000, 182720, 34260, 11420, 16000, 3000, 1000, 91360, 17130, 5710, 91360, 17130, 5710, 54880, 10290, 3430, 54880, 10290, 3430, 14640, 2745, 915, 14640, 2745, 915, 14640, 2745, 915, 14640, 2745, 915, 73120, 13710, 4570, 73120, 13710, 4570, 48000, 9000, 3000, 48000, 9000, 3000
2021-07-20 00:00:00+00:00, 10000, 182720, 34260, 11420, 16000, 3000, 1000, 91360, 17130, 5710, 91360, 17130, 5710, 54880, 10290, 3430, 54880, 10290, 3430, 14640, 2745, 915, 14640, 2745, 915, 14640, 2745, 915, 14640, 2745, 915, 73120, 13710, 4570, 73120, 13710, 4570, 48000, 9000, 3000, 48000, 9000, 3000
2021-07-20 06:00:00+00:00, 10000, 182720, 34260, 11420, 16000, 3000, 1000, 91360, 17130, 5710, 91360, 17130, 5710, 54880, 10290, 3430, 54880, 10290, 3430, 14640, 2745, 915, 14640, 2745, 915, 14640, 2745, 915, 14640, 2745, 915, 73120, 13710, 4570, 73120, 13710, 4570, 48000, 9000, 3000, 48000, 9000, 3000
2021-07-20 12:00:00+00:00, 10000, 182720, 34260, 11420, 16000, 3000, 1000, 91360, 17130, 5710, 91360, 17130, 5710, 54880, 10290, 3430, 54880, 10290, 3430, 14640, 2745, 915, 14640, 2745, 915, 14640, 2745, 915, 14640, 2745, 915, 73120, 13710, 4570, 73120, 13710, 4570, 48000, 9000, 3000, 48000, 9000, 3000
2021-07-20 18:00:00+00:00, 10000, 182720, 34260, 11420, 16000, 3000, 1000, 91360, 17130, 5710, 91360, 17130, 5710, 54880, 10290, 3430, 54880, 10290, 3430, 14640, 2745, 915, 14640, 2745, 915, 14640, 2745, 915, 14640, 2745, 915, 73120, 13710, 4570, 73120, 13710, 4570, 48000, 9000, 3000, 48000, 9000, 3000
2021-07-21 00:00:00+00:00, 10000, 182720, 34260, 11420, 16000, 3000, 1000, 91360, 17130, 5710, 91360, 17130, 5710, 54880, 10290, 3430, 54880, 10290, 3430, 14640, 2745, 915, 14640, 2745, 915, 14640, 2745, 915, 14640, 2745, 915, 73120, 13710, 4570, 73120, 13710, 4570, 48000, 9000, 3000, 48000, 9000, 3000
2021-07-21 06:00:00+00:00, 10000, 182720, 34260, 11420, 16000, 3000, 1000, 91360, 17130, 5710, 91360, 17130, 5710, 54880, 10290, 3430, 54880, 10290, 3430, 14640, 2745, 915, 14640, 2745, 915, 14640, 2745, 915, 14640, 2745, 915, 73120, 13710, 4570, 73120, 13710, 4570, 48000, 9000, 3000, 48000, 9000, 3000
2021-07-21 12:00:00+00:00, 10000, 182720, 34260, 11420, 16000, 3000, 1000, 91360, 17130, 5710, 91360, 17130, 5710, 54880, 10290, 3430, 54880, 10290, 3430, 14640, 2745, 915, 14640, 2745, 915, 14640, 2745, 915, 14640, 2745, 915, 73120, 13710, 4570, 73120, 13710, 4570, 48000, 9000, 3000, 48000, 9000, 3000
2021-07-21 18:00:00+00:00, 10000, 182720, 34260, 11420, 16000, 3000, 1000, 91360, 17130, 5710, 91360, 17130, 5710, 54880, 10290, 3430, 54880, 10290, 3430, 14640, 2745, 915, 14640, 2745, 915, 14640, 2745, 915, 14640, 2745, 915, 73120, 13710, 4570, 73120, 13710, 4570, 48000, 9000, 3000, 48000, 9000, 3000
2021-07-22 00:00:00+00:00, 10000, 182720, 34260, 11420, 16000, 3000, 1000, 91360, 17130, 5710, 91360, 17130, 5710, 54880, 10290, 3430, 54880, 10290, 3430, 14640, 2745, 915, 14640, 2745, 915, 14640, 2745, 915, 14640, 2745, 915, 73120, 13710, 4570, 73120, 13710, 4570, 48000, 9000, 3000, 48000, 9000, 3000
2021-07-22 06:00:00+00:00, 10000, 182720, 34260, 11420, 16000, 3000, 1000, 91360, 17130, 5710, 91360, 17130, 5710, 54880, 10290, 3430, 54880, 10290, 3430, 14640, 2745, 915, 14640, 2745, 915, 14640, 2745, 915, 14640, 2745, 915, 73120, 13710, 4570, 73120, 13710, 4570, 48000, 9000, 3000, 48000, 9000, 3000
2021-07-22 12:00:00+00:00, 10000, 182720, 34260, 11420, 16000, 3000, 1000, 91360, 17130, 5710, 91360, 17130, 5710, 54880, 10290, 3430, 54880, 10290, 3430, 14640, 2745, 915, 14640, 2745, 915, 14640, 2745, 915, 14640, 2745, 915, 73120, 13710, 4570, 73120, 13710, 4570, 48000, 9000, 3000, 48000, 9000, 3000
2021-07-22 18:00:00+00:00, 10000, 182720, 34260, 11420, 16000, 3000, 1000, 91360, 17130, 5710, 91360, 17130, 5710, 54880, 10290, 3430, 54880, 10290, 3430, 14640, 2745, 915, 14640, 2745, 915, 14640, 2745, 915, 14640, 2745, 915, 73120, 13710, 4570, 73120, 13710, 4570, 48000, 9000, 3000, 48000, 9000, 3000
2021-07-23 00:00:00+00:00, 10000, 198548, 37228, 12409, 16935, 3175, 1058, 93239, 17482, 5827, 83367, 15631, 5210, 55412, 10390, 3463, 50079, 9390, 3130, 16321, 3060, 1020, 14043, 2633, 878, 16321, 3060, 1020, 14126, 2649, 883, 72330, 13562, 4521, 72652, 13622, 4541, 43801, 8213, 2738, 44825, 8405, 2802
2021-07-23 06:00:00+00:00, 10000, 198548, 37228, 12409, 16935, 3175, 1058, 93239, 17482, 5827, 83367, 15631, 5210, 55412, 10390, 3463, 50079, 9390, 3130, 16321, 3060, 1020, 14043, 2633, 878, 16321, 3060, 1020, 14126, 2649, 883, 72330, 13562, 4521, 72652, 13622, 4541, 43801, 8213, 2738, 44825, 8405, 2802
2021-07-23 12:00:00+00:00, 10000, 198548, 37228, 12409, 16935, 3175, 1058, 93239, 17482, 5827, 83367, 15631, 5210, 55412, 10390, 3463, 50079, 9390, 3130, 16321, 3060, 1020, 14043, 2633, 878, 16321, 3060, 1020, 14126, 2649, 883, 72330, 13562, 4521, 72652, 13622, 4541, 43801, 8213, 2738, 44825, 8405, 2802
2021-07-23 18:00:00+00:00, 10000, 198548, 37228, 12409, 16935, 3175, 1058, 93239, 17482, 5827, 83367, 15631, 5210, 55412, 10390, 3463, 50079, 9390, 3130, 16321, 3060, 1020, 14043, 2633, 878, 16321, 3060, 1020, 14126, 2649, 883, 72330, 13562, 4521, 72652, 13622, 4541, 43801, 8213, 2738, 44825, 8405, 2802
2021-07-24 00:00:00+00:00, 10000, 198548, 37228, 12409, 16935, 3175, 1058, 93239, 17482, 5827, 83367, 15631, 5210, 55412, 10390, 3463, 50079, 9390, 3130, 16321, 3060, 1020, 14043, 2633, 878, 16321, 3060, 1020, 14126, 2649, 883, 72330, 13562, 4521, 72652, 13622, 4541, 43801, 8213, 2738, 44825, 8405, 2802
2021-07-24 06:00:00+00:00, 10000, 198548, 37228, 12409, 16935, 3175, 1058, 93239, 17482, 5827, 83367, 15631, 5210, 55412, 10390, 3463, 50079, 9390, 3130, 16321, 3060, 1020, 14043, 2633, 878, 16321, 3060, 1020, 14126, 2649, 883, 72330, 13562, 4521, 72652, 13622, 4541, 43801, 8213, 2738, 44825, 8405, 2802
2021-07-24 12:00:00+00:00, 10000, 198548, 37228, 12409, 16935, 3175, 1058, 93239, 17482, 5827, 83367, 15631, 5210, 55412, 10390, 3463, 50079, 9390, 3130, 16321, 3060, 1020, 14043, 2633, 878, 16321, 3060, 1020, 14126, 2649, 883, 72330, 13562, 4521, 72652, 13622, 4541, 43801, 8213, 2738, 44825, 8405, 2802
2021-07-24 18:00:00+00:00, 10000, 198548, 37228, 12409, 16935, 3175, 1058, 93239, 17482, 5827, 83367, 15631, 5210, 55412, 10390, 3463, 50079, 9390, 3130, 16321, 3060, 1020, 14043, 2633, 878, 16321, 3060, 1020, 14126, 2649, 883, 72330, 13562, 4521, 72652, 13622, 4541, 43801, 8213, 2738, 44825, 8405, 2802
2021-07-25 00:00:00+00:00, 10000, 198548, 37228, 12409, 16935, 3175, 1058, 93239, 17482, 5827, 83367, 15631, 5210, 55412, 10390, 3463, 50079, 9390, 3130, 16321, 3060, 1020, 14043, 2633, 878, 16321, 3060, 1020, 14126, 2649, 883, 72330, 13562, 4521, 72652, 13622, 4541, 43801, 8213, 2738, 44825, 8405, 2802
2021-07-25 06:00:00+00:00, 10000, 198548, 37228, 12409, 16935, 3175, 1058, 93239, 17482, 5827, 83367, 15631, 5210, 55412, 10390, 3463, 50079, 9390, 3130, 16321, 3060, 1020, 14043, 2633, 878, 16321, 3060, 1020, 14126, 2649, 883, 72330, 13562, 4521, 72652, 13622, 4541, 43801, 8213, 2738, 44825, 8405, 2802
2021-07-25 12:00:00+00:00, 10000, 198548, 37228, 12409, 16935, 3175, 1058, 93239, 17482, 5827, 83367, 15631, 5210, 55412, 10390, 3463, 50079, 9390, 3130, 16321, 3060, 1020, 14043, 2633, 878, 16321, 3060, 1020, 14126, 2649, 883, 72330, 13562, 4521, 72652, 13622, 4541, 43801, 8213, 2738, 44825, 8405, 2802
2021-07-25 18:00:00+00:00, 10000, 198548, 37228, 12409, 16935, 3175, 1058, 93239, 17482, 5827, 83367, 15631, 5210, 55412, 10390, 3463, 50079, 9390, 3130, 16321, 3060, 1020, 14043, 2633, 878, 16321, 3060, 1020, 14126, 2649, 883, 72330, 13562, 4521, 72652, 13622, 4541, 43801, 8213, 2738, 44825, 8405, 2802
2021-07-26 00:00:00+00:00, 10000, 198548, 37228, 12409, 16935, 3175, 1058, 93239, 17482, 5827, 83367, 15631, 5210, 55412, 10390, 3463, 50079, 9390, 3130, 16321, 3060, 1020, 14043, 2633, 878, 16321, 3060, 1020, 14126, 2649, 883, 72330, 13562, 4521, 72652, 13622, 4541, 43801, 8213, 2738, 44825, 8405, 2802
2021-07-26 06:00:00+00:00, 10000, 198548, 37228, 12409, 16935, 3175, 1058, 93239, 17482, 5827, 83367, 15631, 5210, 55412, 10390, 3463, 50079, 9390, 3130, 16321, 3060, 1020, 14043, 2633, 878, 16321, 3060, 1020, 14126, 2649, 883, 72330, 13562, 4521, 72652, 13622, 4541, 43801, 8213, 2738, 44825, 8405, 2802
2021-07-26 12:00:00+00:00, 10000, 198548, 37228, 12409, 16935, 3175, 1058, 93239, 17482, 5827, 83367, 15631, 5210, 55412, 10390, 3463, 50079, 9390, 3130, 16321, 3060, 1020, 14043, 2633, 878, 16321, 3060, 1020, 14126, 2649, 883, 72330, 13562, 4521, 72652, 13622, 4541, 43801, 8213, 2738, 44825, 8405, 2802
2021-07-26 18:00:00+00:00, 10000, 198548, 37228, 12409, 16935, 3175, 1058, 93239, 17482, 5827, 83367, 15631, 5210, 55412, 10390, 3463, 50079, 9390, 3130, 16321, 3060, 1020, 14043, 2633, 878, 16321, 3060, 1020, 14126, 2649, 883, 72330, 13562, 4521, 72652, 13622, 4541, 43801, 8213, 2738, 44825, 8405, 2802
2021-07-27 00:00:00+00:00, 10000, 198548, 37228, 12409, 16935, 3175, 1058, 93239, 17482, 5827, 83367, 15631, 5210, 55412, 10390, 3463, 50079, 9390, 3130, 16321, 3060, 1020, 14043, 2633, 878, 16321, 3060, 1020, 14126, 2649, 883, 72330, 13562, 4521, 72652, 13622, 4541, 43801, 8213, 2738, 44825, 8405, 2802
2021-07-27 06:00:00+00:00, 10000, 198548, 37228, 12409, 16935, 3175, 1058, 93239, 17482, 5827, 83367, 15631, 5210, 55412, 10390, 3463, 50079, 9390, 3130, 16321, 3060, 1020, 14043, 2633, 878, 16321, 3060, 1020, 14126, 2649, 883, 72330, 13562, 4521, 72652, 13622, 4541, 43801, 8213, 2738, 44825, 8405, 2802
2021-07-27 12:00:00+00:00, 10000, 198548, 37228, 12409, 16935, 3175, 1058, 93239, 17482, 5827, 83367, 15631, 5210, 55412, 10390, 3463, 50079, 9390, 3130, 16321, 3060, 1020, 14043, 2633, 878, 16321, 3060, 1020, 14126, 2649, 883, 72330, 13562, 4521, 72652, 13622, 4541, 43801, 8213, 2738, 44825, 8405, 2802
2021-07-27 18:00:00+00:00, 10000, 198548, 37228, 12409, 16935, 3175, 1058, 93239, 17482, 5827, 83367, 15631, 5210, 55412, 10390, 3463, 50079, 9390, 3130, 16321, 3060, 1020, 14043, 2633, 878, 16321, 3060, 1020, 14126, 2649, 883, 72330, 13562, 4521, 72652, 13622, 4541, 43801, 8213, 2738, 44825, 8405, 2802
2021-07-28 00:00:00+00:00, 10000, 198548, 37228, 12409, 16935, 3175, 1058, 93239, 17482, 5827, 83367, 15631, 5210, 55412, 10390, 3463, 50079, 9390, 3130, 16321, 3060, 1020, 14043, 2633, 878, 16321, 3060, 1020, 14126, 2649, 883, 72330, 13562, 4521, 72652, 13622, 4541, 43801, 8213, 2738, 44825, 8405, 2802
2021-07-28 06:00:00+00:00, 10000, 198548, 37228, 12409, 16935, 3175, 1058, 93239, 17482, 5827, 83367, 15631, 5210, 55412, 10390, 3463, 50079, 9390, 3130, 16321, 3060, 1020, 14043, 2633, 878, 16321, 3060, 1020, 14126, 2649, 883, 72330, 13562, 4521, 72652, 13622, 4541, 43801, 8213, 2738, 44825, 8405, 2802
2021-07-28 12:00:00+00:00, 10000, 198548, 37228, 12409, 16935, 3175, 1058, 93239, 17482, 5827, 83367, 15631, 5210, 55412, 10390, 3463, 50079, 9390, 3130, 16321, 3060, 1020, 14043, 2633, 878, 16321, 3060, 1020, 14126, 2649, 883, 72330, 13562, 4521, 72652, 13622, 4541, 43801, 8213, 2738, 44825, 8405, 2802
2021-07-28 18:00:00+00:00, 10000, 198548, 37228, 12409, 16935, 3175, 1058, 93239, 17482, 5827, 83367, 15631, 5210, 55412, 10390, 3463, 50079, 9390, 3130, 16321, 3060, 1020, 14043, 2633, 878, 16321, 3060, 1020, 14126, 2649, 883, 72330, 13562, 4521, 72652, 13622, 4541, 43801, 8213, 2738, 44825, 8405, 2802
2021-07-29 00:00:00+00:00, 10000, 198548, 37228, 12409, 16935, 3175, 1058, 93239, 17482, 5827, 83367, 15631, 5210, 55412, 10390, 3463, 50079, 9390, 3130, 16321, 3060, 1020, 14043, 2633, 878, 16321, 3060, 1020, 14126, 2649, 883, 72330, 13562, 4521, 72652, 13622, 4541, 43801, 8213, 2738, 44825, 8405, 2802
2021-07-29 06:00:00+00:00, 10000, 198548, 37228, 12409, 16935, 3175, 1058, 93239, 17482, 5827, 83367, 15631, 5210, 55412, 10390, 3463, 50079, 9390, 3130, 16321, 3060, 1020, 14043, 2633, 878, 16321, 3060, 1020, 14126, 2649, 883, 72330, 13562, 4521, 72652, 13622, 4541, 43801, 8213, 2738, 44825, 8405, 2802
2021-07-29 12:00:00+00:00, 10000, 198548, 37228, 12409, 16935, 3175, 1058, 93239, 17482, 5827, 83367, 15631, 5210, 55412, 10390, 3463, 50079, 9390, 3130, 16321, 3060, 1020, 14043, 2633, 878, 16321, 3060, 1020, 14126, 2649, 883, 72330, 13562, 4521, 72652, 13622, 4541, 43801, 8213, 2738, 44825, 8405, 2802
2021-07-29 18:00:00+00:00, 10000, 198548, 37228, 12409, 16935, 3175, 1058, 93239, 17482, 5827, 83367, 15631, 5210, 55412, 10390, 3463, 50079, 9390, 3130, 16321, 3060, 1020, 14043, 2633, 878, 16321, 3060, 1020, 14126, 2649, 883, 72330, 13562, 4521, 72652, 13622, 4541, 43801, 8213, 2738, 44825, 8405, 2802
2021-07-30 00:00:00+00:00, 10000, 198548, 37228, 12409, 16935, 3175, 1058, 93239, 17482, 5827, 83367, 15631, 5210, 55412, 10390, 3463, 50079, 9390, 3130, 16321, 3060, 1020, 14043, 2633, 878, 16321, 3060, 1020, 14126, 2649, 883, 72330, 13562, 4521, 72652, 13622, 4541, 43801, 8213, 2738, 44825, 8405, 2802
2021-07-30 06:00:00+00:00, 10000, 198548, 37228, 12409, 16935, 3175, 1058, 93239, 17482, 5827, 83367, 15631, 5210, 55412, 10390, 3463, 50079, 9390, 3130, 16321, 3060, 1020, 14043, 2633, 878, 16321, 3060, 1020, 14126, 2649, 883, 72330, 13562, 4521, 72652, 13622, 4541, 43801, 8213, 2738, 44825, 8405, 2802
2021-07-30 12:00:00+00:00, 10000, 198548, 37228, 12409, 16935, 3175, 1058, 93239, 17482, 5827, 83367, 15631, 5210, 55412, 10390, 3463, 50079, 9390, 3130, 16321, 3060, 1020, 14043, 2633, 878, 16321, 3060, 1020, 14126, 2649, 883, 72330, 13562, 4521, 72652, 13622, 4541, 43801, 8213, 2738, 44825, 8405, 2802
2021-07-30 18:00:00+00:00, 10000, 198548, 37228, 12409, 16935, 3175, 1058, 93239, 17482, 5827, 83367, 15631, 5210, 55412, 10390, 3463, 50079, 9390, 3130, 16321, 3060, 1020, 14043, 2633, 878, 16321, 3060, 1020, 14126, 2649, 883, 72330, 13562, 4521, 72652, 13622, 4541, 43801, 8213, 2738, 44825, 8405, 2802
2021-07-31 00:00:00+00:00, 10000, 198548, 37228, 12409, 16935, 3175, 1058, 93239, 17482, 5827, 83367, 15631, 5210, 55412, 10390, 3463, 50079, 9390, 3130, 16321, 3060, 1020, 14043, 2633, 878, 16321, 3060, 1020, 14126, 2649, 883, 72330, 13562, 4521, 72652, 13622, 4541, 43801, 8213, 2738, 44825, 8405, 2802
2021-07-31 06:00:00+00:00, 10000, 198548, 37228, 12409, 16935, 3175, 1058, 93239, 17482, 5827, 83367, 15631, 5210, 55412, 10390, 3463, 50079, 9390, 3130, 16321, 3060, 1020, 14043, 2633, 878, 16321, 3060, 1020, 14126, 2649, 883, 72330, 13562, 4521, 72652, 13622, 4541, 43801, 8213, 2738, 44825, 8405, 2802
2021-07-31 12:00:00+00:00, 10000, 198548, 37228, 12409, 16935, 3175, 1058, 93239, 17482, 5827, 83367, 15631, 5210, 55412, 10390, 3463, 50079, 9390, 3130, 16321, 3060, 1020, 14043, 2633, 878, 16321, 3060, 1020, 14126, 2649, 883, 72330, 13562, 4521, 72652, 13622, 4541, 43801, 8213, 2738, 44825, 8405, 2802
2021-07-31 18:00:00+00:00, 10000, 198548, 37228, 12409, 16935, 3175, 1058, 93239, 17482, 5827, 83367, 15631, 5210, 55412, 10390, 3463, 50079, 9390, 3130, 16321, 3060, 1020, 14043, 2633, 878, 16321, 3060, 1020, 14126, 2649, 883, 72330, 13562, 4521, 72652, 13622, 4541, 43801, 8213, 2738, 44825, 8405, 2802
2021-08-01 00:00:00+00:00, 10000, 198548, 37228, 12409, 16935, 3175, 1058, 93239, 17482, 5827, 83367, 15631, 5210, 55412, 10390, 3463, 50079, 9390, 3130, 16321, 3060, 1020, 14043, 2633, 878, 16321, 3060, 1020, 14126, 2649, 883, 72330, 13562, 4521, 72652, 13622, 4541, 43801, 8213, 2738, 44825, 8405, 2802
2021-08-01 06:00:00+00:00, 10000, 198548, 37228, 12409, 16935, 3175, 1058, 93239, 17482, 5827, 83367, 15631, 5210, 55412, 10390, 3463, 50079, 9390, 3130, 16321, 3060, 1020, 14043, 2633, 878, 16321, 3060, 1020, 14126, 2649, 883, 72330, 13562, 4521, 72652, 13622, 4541, 43801, 8213, 2738, 44825, 8405, 2802
2021-08-01 12:00:00+00:00, 10000, 198548, 37228, 12409, 16935, 3175, 1058, 93239, 17482, 5827, 83367, 15631, 5210, 55412, 10390, 3463, 50079, 9390, 3130, 16321, 3060, 1020, 14043, 2633, 878, 16321, 3060, 1020, 14126, 2649, 883, 72330, 13562, 4521, 72652, 13622, 4541, 43801, 8213, 2738, 44825, 8405, 2802
2021-08-01 18:00:00+00:00, 10000, 198548, 37228, 12409, 16935, 3175, 1058, 93239, 17482, 5827, 83367, 15631, 5210, 55412, 10390, 3463, 50079, 9390, 3130, 16321, 3060, 1020, 14043, 2633, 878, 16321, 3060, 1020, 14126, 2649, 883, 72330, 13562, 4521, 72652, 13622, 4541, 43801, 8213, 2738, 44825, 8405, 2802
2021-08-02 00:00:00+00:00, 10000, 198548, 37228, 12409, 16935, 3175, 1058, 93239, 17482, 5827, 83367, 15631, 5210, 55412, 10390, 3463, 50079, 9390, 3130, 16321, 3060, 1020, 14043, 2633, 878, 16321, 3060, 1020, 14126, 2649, 883, 72330, 13562, 4521, 72652, 13622, 4541, 43801, 8213, 2738, 44825, 8405, 2802
2021-08-02 06:00:00+00:00, 10000, 198548, 37228, 12409, 16935, 3175, 1058, 93239, 17482, 5827, 83367, 15631, 5210, 55412, 10390, 3463, 50079, 9390, 3130, 16321, 3060, 1020, 14043, 2633, 878, 16321, 3060, 1020, 14126, 2649, 883, 72330, 13562, 4521, 72652, 13622, 4541, 43801, 8213, 2738, 44825, 8405, 2802
2021-08-02 12:00:00+00:00, 10000, 198548, 37228, 12409, 16935, 3175, 1058, 93239, 17482, 5827, 83367, 15631, 5210, 55412, 10390, 3463, 50079, 9390, 3130, 16321, 3060, 1020, 14043, 2633, 878, 16321, 3060, 1020, 14126, 2649, 883, 72330, 13562, 4521, 72652, 13622, 4541, 43801, 8213, 2738, 44825, 8405, 2802
2021-08-02 18:00:00+00:00, 10000, 198548, 37228, 12409, 16935, 3175, 1058, 93239, 17482, 5827, 83367, 15631, 5210, 55412, 10390, 3463, 50079, 9390, 3130, 16321, 3060, 1020, 14043, 2633, 878, 16321, 3060, 1020, 14126, 2649, 883, 72330, 13562, 4521, 72652, 13622, 4541, 43801, 8213, 2738, 44825, 8405, 2802
2021-08-03 00:00:00+00:00, 10000, 198548, 37228, 12409, 16935, 3175, 1058, 93239, 17482, 5827, 83367, 15631, 5210, 55412, 10390, 3463, 50079, 9390, 3130, 16321, 3060, 1020, 14043, 2633, 878, 16321, 3060, 1020, 14126, 2649, 883, 72330, 13562, 4521, 72652, 13622, 4541, 43801, 8213, 2738, 44825, 8405, 2802
2021-08-03 06:00:00+00:00, 10000, 198548, 37228, 12409, 16935, 3175, 1058, 93239, 17482, 5827, 83367, 15631, 5210, 55412, 10390, 3463, 50079, 9390, 3130, 16321, 3060, 1020, 14043, 2633, 878, 16321, 3060, 1020, 14126, 2649, 883, 72330, 13562, 4521, 72652, 13622, 4541, 43801, 8213, 2738, 44825, 8405, 2802
2021-08-03 12:00:00+00:00, 10000, 198548, 37228, 12409, 16935, 3175, 1058, 93239, 17482, 5827, 83367, 15631, 5210, 55412, 10390, 3463, 50079, 9390, 3130, 16321, 3060, 1020, 14043, 2633, 878, 16321, 3060, 1020, 14126, 2649, 883, 72330, 13562, 4521, 72652, 13622, 4541, 43801, 8213, 2738, 44825, 8405, 2802
2021-08-03 18:00:00+00:00, 10000, 198548, 37228, 12409, 16935, 3175, 1058, 93239, 17482, 5827, 83367, 15631, 5210, 55412, 10390, 3463, 50079, 9390, 3130, 16321, 3060, 1020, 14043, 2633, 878, 16321, 3060, 1020, 14126, 2649, 883, 72330, 13562, 4521, 72652, 13622, 4541, 43801, 8213, 2738, 44825, 8405, 2802
2021-08-04 00:00:00+00:00, 10000, 198548, 37228, 12409, 16935, 3175, 1058, 93239, 17482, 5827, 83367, 15631, 5210, 55412, 10390, 3463, 50079, 9390, 3130, 16321, 3060, 1020, 14043, 2633, 878, 16321, 3060, 1020, 14126, 2649, 883, 72330, 13562, 4521, 72652, 13622, 4541, 43801, 8213, 2738, 44825, 8405, 2802
2021-08-04 06:00:00+00:00, 10000, 198548, 37228, 12409, 16935, 3175, 1058, 93239, 17482, 5827, 83367, 15631, 5210, 55412, 10390, 3463, 50079, 9390, 3130, 16321, 3060, 1020, 14043, 2633, 878, 16321, 3060, 1020, 14126, 2649, 883, 72330, 13562, 4521, 72652, 13622, 4541, 43801, 8213, 2738, 44825, 8405, 2802
2021-08-04 12:00:00+00:00, 10000, 198548, 37228, 12409, 16935, 3175, 1058, 93239, 17482, 5827, 83367, 15631, 5210, 55412, 10390, 3463, 50079, 9390, 3130, 16321, 3060, 1020, 14043, 2633, 878, 16321, 3060, 1020, 14126, 2649, 883, 72330, 13562, 4521, 72652, 13622, 4541, 43801, 8213, 2738, 44825, 8405, 2802
2021-08-04 18:00:00+00:00, 10000, 198548, 37228, 12409, 16935, 3175, 1058, 93239, 17482, 5827, 83367, 15631, 5210, 55412, 10390, 3463, 50079, 9390, 3130, 16321, 3060, 1020, 14043, 2633, 878, 16321, 3060, 1020, 14126, 2649, 883, 72330, 13562, 4521, 72652, 13622, 4541, 43801, 8213, 2738, 44825, 8405, 2802
2021-08-05 00:00:00+00:00, 10000, 198548, 37228, 12409, 16935, 3175, 1058, 93239, 17482, 5827, 83367, 15631, 5210, 55412, 10390, 3463, 50079, 9390, 3130, 16321, 3060, 1020, 14043, 2633, 878, 16321, 3060, 1020, 14126, 2649, 883, 72330, 13562, 4521, 72652, 13622, 4541, 43801, 8213, 2738, 44825, 8405, 2802
2021-08-05 06:00:00+00:00, 10000, 198548, 37228, 12409, 16935, 3175, 1058, 93239, 17482, 5827, 83367, 15631, 5210, 55412, 10390, 3463, 50079, 9390, 3130, 16321, 3060, 1020, 14043, 2633, 878, 16321, 3060, 1020, 14126, 2649, 883, 72330, 13562, 4521, 72652, 13622, 4541, 43801, 8213, 2738, 44825, 8405, 2802
2021-08-05 12:00:00+00:00, 10000, 198548, 37228, 12409, 16935, 3175, 1058, 93239, 17482, 5827, 83367, 15631, 5210, 55412, 10390, 3463, 50079, 9390, 3130, 16321, 3060, 1020, 14043, 2633, 878, 16321, 3060, 1020, 14126, 2649, 883, 72330, 13562, 4521, 72652, 13622, 4541, 43801, 8213, 2738, 44825, 8405, 2802
2021-08-05 18:00:00+00:00, 10000, 198548, 37228, 12409, 16935, 3175, 1058, 93239, 17482, 5827, 83367, 15631, 5210, 55412, 10390, 3463, 50079, 9390, 3130, 16321, 3060, 1020, 14043, 2633, 878, 16321, 3060, 1020, 14126, 2649, 883, 72330, 13562, 4521, 72652, 13622, 4541, 43801, 8213, 2738, 44825, 8405, 2802
2021-08-06 00:00:00+00:00, 10000, 198548, 37228, 12409, 16935, 3175, 1058, 93239, 17482, 5827, 83367, 15631, 5210, 55412, 10390, 3463, 50079, 9390, 3130, 16321, 3060, 1020, 14043, 2633, 878, 16321, 3060, 1020, 14126, 2649, 883, 72330, 13562, 4521, 72652, 13622, 4541, 43801, 8213, 2738, 44825, 8405, 2802
2021-08-06 06:00:00+00:00, 10000, 198548, 37228, 12409, 16935, 3175, 1058, 93239, 17482, 5827, 83367, 15631, 5210, 55412, 10390, 3463, 50079, 9390, 3130, 16321, 3060, 1020, 14043, 2633, 878, 16321, 3060, 1020, 14126, 2649, 883, 72330, 13562, 4521, 72652, 13622, 4541, 43801, 8213, 2738, 44825, 8405, 2802
2021-08-06 12:00:00+00:00, 10000, 198548, 37228, 12409, 16935, 3175, 1058, 93239, 17482, 5827, 83367, 15631, 5210, 55412, 10390, 3463, 50079, 9390, 3130, 16321, 3060, 1020, 14043, 2633, 878, 16321, 3060, 1020, 14126, 2649, 883, 72330, 13562, 4521, 72652, 13622, 4541, 43801, 8213, 2738, 44825, 8405, 2802
2021-08-06 18:00:00+00:00, 10000, 198548, 37228, 12409, 16935, 3175, 1058, 93239, 17482, 5827, 83367, 15631, 5210, 55412, 10390, 3463, 50079, 9390, 3130, 16321, 3060, 1020, 14043, 2633, 878, 16321, 3060, 1020, 14126, 2649, 883, 72330, 13562, 4521, 72652, 13622, 4541, 43801, 8213, 2738, 44825, 8405, 2802
2021-08-07 00:00:00+00:00, 10000, 198548, 37228, 12409, 16935, 3175, 1058, 93239, 17482, 5827, 83367, 15631, 5210, 55412, 10390, 3463, 50079, 9390, 3130, 16321, 3060, 1020, 14043, 2633, 878, 16321, 3060, 1020, 14126, 2649, 883, 72330, 13562, 4521, 72652, 13622, 4541, 43801, 8213, 2738, 44825, 8405, 2802
2021-08-07 06:00:00+00:00, 10000, 198548, 37228, 12409, 16935, 3175, 1058, 93239, 17482, 5827, 83367, 15631, 5210, 55412, 10390, 3463, 50079, 9390, 3130, 16321, 3060, 1020, 14043, 2633, 878, 16321, 3060, 1020, 14126, 2649, 883, 72330, 13562, 4521, 72652, 13622, 4541, 43801, 8213, 2738, 44825, 8405, 2802
2021-08-07 12:00:00+00:00, 10000, 198548, 37228, 12409, 16935, 3175, 1058, 93239, 17482, 5827, 83367, 15631, 5210, 55412, 10390, 3463, 50079, 9390, 3130, 16321, 3060, 1020, 14043, 2633, 878, 16321, 3060, 1020, 14126, 2649, 883, 72330, 13562, 4521, 72652, 13622, 4541, 43801, 8213, 2738, 44825, 8405, 2802
2021-08-07 18:00:00+00:00, 10000, 198548, 37228, 12409, 16935, 3175, 1058, 93239, 17482, 5827, 83367, 15631, 5210, 55412, 10390, 3463, 50079, 9390, 3130, 16321, 3060, 1020, 14043, 2633, 878, 16321, 3060, 1020, 14126, 2649, 883, 72330, 13562, 4521, 72652, 13622, 4541, 43801, 8213, 2738, 44825, 8405, 2802
2021-08-08 00:00:00+00:00, 10000, 198548, 37228, 12409, 16935, 3175, 1058, 93239, 17482, 5827, 83367, 15631, 5210, 55412, 10390, 3463, 50079, 9390, 3130, 16321, 3060, 1020, 14043, 2633, 878, 16321, 3060, 1020, 14126, 2649, 883, 72330, 13562, 4521, 72652, 13622, 4541, 43801, 8213, 2738, 44825, 8405, 2802
2021-08-08 06:00:00+00:00, 10000, 198548, 37228, 12409, 16935, 3175, 1058, 93239, 17482, 5827, 83367, 15631, 5210, 55412, 10390, 3463, 50079, 9390, 3130, 16321, 3060, 1020, 14043, 2633, 878, 16321, 3060, 1020, 14126, 2649, 883, 72330, 13562, 4521, 72652, 13622, 4541, 43801, 8213, 2738, 44825, 8405, 2802
2021-08-08 12:00:00+00:00, 10000, 198548, 37228, 12409, 16935, 3175, 1058, 93239, 17482, 5827, 83367, 15631, 5210, 55412, 10390, 3463, 50079, 9390, 3130, 16321, 3060, 1020, 14043, 2633, 878, 16321, 3060, 1020, 14126, 2649, 883, 72330, 13562, 4521, 72652, 13622, 4541, 43801, 8213, 2738, 44825, 8405, 2802
2021-08-08 18:00:00+00:00, 10000, 198548, 37228, 12409, 16935, 3175, 1058, 93239, 17482, 5827, 83367, 15631, 5210, 55412, 10390, 3463, 50079, 9390, 3130, 16321, 3060, 1020, 14043, 2633, 878, 16321, 3060, 1020, 14126, 2649, 883, 72330, 13562, 4521, 72652, 13622, 4541, 43801, 8213, 2738, 44825, 8405, 2802
2021-08-09 00:00:00+00:00, 10000, 198548, 37228, 12409, 16935, 3175, 1058, 93239, 17482, 5827, 83367, 15631, 5210, 55412, 10390, 3463, 50079, 9390, 3130, 16321, 3060, 1020, 14043, 2633, 878, 16321, 3060, 1020, 14126, 2649, 883, 72330, 13562, 4521, 72652, 13622, 4541, 43801, 8213, 2738, 44825, 8405, 2802
2021-08-09 06:00:00+00:00, 10000, 198548, 37228, 12409, 16935, 3175, 1058, 93239, 17482, 5827, 83367, 15631, 5210, 55412, 10390, 3463, 50079, 9390, 3130, 16321, 3060, 1020, 14043, 2633, 878, 16321, 3060, 1020, 14126, 2649, 883, 72330, 13562, 4521, 72652, 13622, 4541, 43801, 8213, 2738, 44825, 8405, 2802
2021-08-09 12:00:00+00:00, 10000, 198548, 37228, 12409, 16935, 3175, 1058, 93239, 17482, 5827, 83367, 15631, 5210, 55412, 10390, 3463, 50079, 9390, 3130, 16321, 3060, 1020, 14043, 2633, 878, 16321, 3060, 1020, 14126, 2649, 883, 72330, 13562, 4521, 72652, 13622, 4541, 43801, 8213, 2738, 44825, 8405, 2802
2021-08-09 18:00:00+00:00, 10000, 198548, 37228, 12409, 16935, 3175, 1058, 93239, 17482, 5827, 83367, 15631, 5210, 55412, 10390, 3463, 50079, 9390, 3130, 16321, 3060, 1020, 14043, 2633, 878, 16321, 3060, 1020, 14126, 2649, 883, 72330, 13562, 4521, 72652, 13622, 4541, 43801, 8213, 2738, 44825, 8405, 2802
2021-08-10 00:00:00+00:00, 10000, 198548, 37228, 12409, 16935, 3175, 1058, 93239, 17482, 5827, 83367, 15631, 5210, 55412, 10390, 3463, 50079, 9390, 3130, 16321, 3060, 1020, 14043, 2633, 878, 16321, 3060, 1020, 14126, 2649, 883, 72330, 13562, 4521, 72652, 13622, 4541, 43801, 8213, 2738, 44825, 8405, 2802
2021-08-10 06:00:00+00:00, 10000, 198548, 37228, 12409, 16935, 3175, 1058, 93239, 17482, 5827, 83367, 15631, 5210, 55412, 10390, 3463, 50079, 9390, 3130, 16321, 3060, 1020, 14043, 2633, 878, 16321, 3060, 1020, 14126, 2649, 883, 72330, 13562, 4521, 72652, 13622, 4541, 43801, 8213, 2738, 44825, 8405, 2802
2021-08-10 12:00:00+00:00, 10000, 198548, 37228, 12409, 16935, 3175, 1058, 93239, 17482, 5827, 83367, 15631, 5210, 55412, 10390, 3463, 50079, 9390, 3130, 16321, 3060, 1020, 14043, 2633, 878, 16321, 3060, 1020, 14126, 2649, 883, 72330, 13562, 4521, 72652, 13622, 4541, 43801, 8213, 2738, 44825, 8405, 2802
2021-08-10 18:00:00+00:00, 10000, 198548, 37228, 12409, 16935, 3175, 1058, 93239, 17482, 5827, 83367, 15631, 5210, 55412, 10390, 3463, 50079, 9390, 3130, 16321, 3060, 1020, 14043, 2633, 878, 16321, 3060, 1020, 14126, 2649, 883, 72330, 13562, 4521, 72652, 13622, 4541, 43801, 8213, 2738, 44825, 8405, 2802
2021-08-11 00:00:00+00:00, 10000, 198548, 37228, 12409, 16935, 3175, 1058, 93239, 17482, 5827, 83367, 15631, 5210, 55412, 10390, 3463, 50079, 9390, 3130, 16321, 3060, 1020, 14043, 2633, 878, 16321, 3060, 1020, 14126, 2649, 883, 72330, 13562, 4521, 72652, 13622, 4541, 43801, 8213, 2738, 44825, 8405, 2802
2021-08-11 06:00:00+00:00, 10000, 198548, 37228, 12409, 16935, 3175, 1058, 93239, 17482, 5827, 83367, 15631, 5210, 55412, 10390, 3463, 50079, 9390, 3130, 16321, 3060, 1020, 14043, 2633, 878, 16321, 3060, 1020, 14126, 2649, 883, 72330, 13562, 4521, 72652, 13622, 4541, 43801, 8213, 2738, 44825, 8405, 2802
2021-08-11 12:00:00+00:00, 10000, 198548, 37228, 12409, 16935, 3175, 1058, 93239, 17482, 5827, 83367, 15631, 5210, 55412, 10390, 3463, 50079, 9390, 3130, 16321, 3060, 1020, 14043, 2633, 878, 16321, 3060, 1020, 14126, 2649, 883, 72330, 13562, 4521, 72652, 13622, 4541, 43801, 8213, 2738, 44825, 8405, 2802
2021-08-11 18:00:00+00:00, 10000, 198548, 37228, 12409, 16935, 3175, 1058, 93239, 17482, 5827, 83367, 15631, 5210, 55412, 10390, 3463, 50079, 9390, 3130, 16321, 3060, 1020, 14043, 2633, 878, 16321, 3060, 1020, 14126, 2649, 883, 72330, 13562, 4521, 72652, 13622, 4541, 43801, 8213, 2738, 44825, 8405, 2802
2021-08-12 00:00:00+00:00, 10000, 198548, 37228, 12409, 16935, 3175, 1058, 93239, 17482, 5827, 83367, 15631, 5210, 55412, 10390, 3463, 50079, 9390, 3130, 16321, 3060, 1020, 14043, 2633, 878, 16321, 3060, 1020, 14126, 2649, 883, 72330, 13562, 4521, 72652, 13622, 4541, 43801, 8213, 2738, 44825, 8405, 2802
2021-08-12 06:00:00+00:00, 10000, 198548, 37228, 12409, 16935, 3175, 1058, 93239, 17482, 5827, 83367, 15631, 5210, 55412, 10390, 3463, 50079, 9390, 3130, 16321, 3060, 1020, 14043, 2633, 878, 16321, 3060, 1020, 14126, 2649, 883, 72330, 13562, 4521, 72652, 13622, 4541, 43801, 8213, 2738, 44825, 8405, 2802
2021-08-12 12:00:00+00:00, 10000, 198548, 37228, 12409, 16935, 3175, 1058, 93239, 17482, 5827, 83367, 15631, 5210, 55412, 10390, 3463, 50079, 9390, 3130, 16321, 3060, 1020, 14043, 2633, 878, 16321, 3060, 1020, 14126, 2649, 883, 72330, 13562, 4521, 72652, 13622, 4541, 43801, 8213, 2738, 44825, 8405, 2802
2021-08-12 18:00:00+00:00, 10000, 198548, 37228, 12409, 16935, 3175, 1058, 93239, 17482, 5827, 83367, 15631, 5210, 55412, 10390, 3463, 50079, 9390, 3130, 16321, 3060, 1020, 14043, 2633, 878, 16321, 3060, 1020, 14126, 2649, 883, 72330, 13562, 4521, 72652, 13622, 4541, 43801, 8213, 2738, 44825, 8405, 2802
2021-08-13 00:00:00+00:00, 10000, 198548, 37228, 12409, 16935, 3175, 1058, 93239, 17482, 5827, 83367, 15631, 5210, 55412, 10390, 3463, 50079, 9390, 3130, 16321, 3060, 1020, 14043, 2633, 878, 16321, 3060, 1020, 14126, 2649, 883, 72330, 13562, 4521, 72652, 13622, 4541, 43801, 8213, 2738, 44825, 8405, 2802
2021-08-13 06:00:00+00:00, 10000, 198548, 37228, 12409, 16935, 3175, 1058, 93239, 17482, 5827, 83367, 15631, 5210, 55412, 10390, 3463, 50079, 9390, 3130, 16321, 3060, 1020, 14043, 2633, 878, 16321, 3060, 1020, 14126, 2649, 883, 72330, 13562, 4521, 72652, 13622, 4541, 43801, 8213, 2738, 44825, 8405, 2802
2021-08-13 12:00:00+00:00, 10000, 198548, 37228, 12409, 16935, 3175, 1058, 93239, 17482, 5827, 83367, 15631, 5210, 55412, 10390, 3463, 50079, 9390, 3130, 16321, 3060, 1020, 14043, 2633, 878, 16321, 3060, 1020, 14126, 2649, 883, 72330, 13562, 4521, 72652, 13622, 4541, 43801, 8213, 2738, 44825, 8405, 2802