1000,27473809970,324999999918364,39995368222690,225000000000000
2000,37805371587,324999999918364,39985149050195,225000000000000
3000,62569157159,324999999918364,39960896207612,225000000000000
4000,109307682845,324999999918364,39933092527335,225000000000000
5000,149210738845,324999999918364,39897539997364,225000000000000
6000,251574890492,324999999918364,39823863360830,225000000000000
7000,287164738577,324999999918364,39775566093841,225000000000000
8000,307185452245,324999999918364,39738973205934,225000000000000
9000,342317330029,324999999918364,39698093363597,225000000000000
10000,363130915432,324999999918364,39329616176388,225000000000000
11000,533831004784,324999999918364,39039214140022,225000000000000
12000,849866336278,324999999918364,38597739054927,225000000000000
13000,1070861825938,324999999918364,38330647528802,225000000000000
14000,1316591215077,324999999918364,38046789895835,225000000000000
15000,1427273386815,324999999918364,37820269454621,225000000000000
16000,1488423530279,324999999918364,37597229393185,225000000000000
17000,1611782792727,324999999918364,37407904851014,225000000000000
18000,1753057588490,324999999918364,37072545148048,225000000000000
19000,2072516735075,324999999918364,36912419206529,225000000000000
20000,2180951086054,324999999918364,36722708881674,225000000000000
21000,2284198158670,324999999918364,36503598418601,225000000000000
22000,2581530505108,324999999918364,36060533942663,225000000000000
23000,2622216022226,324999999918364,35945926768814,225000000000000
24000,2667313434361,324999999918364,35844001133602,225000000000000
25000,2768568500104,325616438274529,35722715738514,224794520547953
26000,3034875561294,325616438274529,35603777285439,224794520547953
27000,3183432210721,325616438274529,35505681343735,224794520547953
28000,3361844514598,325616438274529,35339322969284,224794520547953
29000,3427565910576,325616438274529,35313805255560,224794520547953
30000,3504343113793,325616438274529,35252380631302,224794520547953
31000,3614324500071,325616438274529,35135419589233,224794520547953
32000,3642327797155,325616438274529,35086789583734,224794520547953
33000,3900443808241,325616438274529,35055962754309,224794520547953
34000,4057009744687,325616438274529,34933438030011,224794520547953
35000,4228326805845,325616438274529,34730481897569,224794520547953
36000,4274299059422,325616438274529,34550190455021,224794520547953
37000,4387214938679,325616438274529,34492019666576,224794520547953
38000,4502728474957,325616438274529,34383446712103,224794520547953
39000,4658531656755,326232876630694,34308113303989,224589041095906
40000,4793009814136,326232876630694,34220957117152,224589041095906
41000,4900315144369,326232876630694,34162279751762,224589041095906
42000,5020750171835,326232876630694,34138415000629,224589041095906
43000,5090510129018,326232876630694,34100773636542,224589041095906
44000,5155466179830,326232876630694,34071535247754,224589041095906
45000,5215971566842,326232876630694,34042655184995,224589041095906
46000,5356416277465,326232876630694,33989295184929,224589041095906
47000,5422290800005,326232876630694,33925253391349,224589041095906
48000,5536411674065,326232876630694,33809356890316,224589041095906
49000,5634259563309,326232876630694,33788349083281,224589041095906
50000,5685440457219,326232876630694,33748509214940,224589041095906
51000,5753120070100,326232876630694,33697088024925,224589041095906
52000,5785976685644,326232876630694,33661264802969,224589041095906
53000,5908018610805,326849314986859,33564496986309,224383561643859
54000,7369318882095,326849314986859,33544854031198,224383561643859
55000,7408307434250,326849314986859,33528642539133,224383561643859
56000,7461437791332,326849314986859,33497125827255,224383561643859
57000,7485548681244,326849314986859,33484402328123,224383561643859
58000,7517471089606,326849314986859,33465013909221,224383561643859
59000,7550367498964,326849314986859,33454305093534,224383561643859
60000,7585973665757,326849314986859,33432793190015,224383561643859
61000,7649759662707,326849314986859,33404672058073,224383561643859
62000,7785176577250,326849314986859,33290102767736,224383561643859
63000,7822387747811,326849314986859,33263342213832,224383561643859
64000,7860396513617,326849314986859,33225195742905,224383561643859
65000,7920021175215,326849314986859,33143284841895,224383561643859
66000,8029748735062,327465753343024,32972857579994,224178082191812
67000,8079997978414,327465753343024,32932440181821,224178082191812
68000,8102059991920,327465753343024,32901246670621,224178082191812
69000,8121162837269,327465753343024,32869547158386,224178082191812
70000,8134115935819,327465753343024,32849191602715,224178082191812
71000,8147990657085,327465753343024,32825608743454,224178082191812
72000,8392993367799,327465753343024,32789751941984,224178082191812
73000,8416703498701,327465753343024,32770737166251,224178082191812
74000,8429599929522,327465753343024,32737634433519,224178082191812
75000,8438733681276,327465753343024,32728240512208,224178082191812
76000,8498340856174,327465753343024,32665555426946,224178082191812
77000,8532746613434,327465753343024,32656571092549,224178082191812
78000,8558489230074,327465753343024,32634123429148,224178082191812
79000,8566628821587,327465753343024,32627262776402,224178082191812
80000,8593287934689,328082191699189,32607143757358,223972602739765
81000,8611307351108,328082191699189,32588454723409,223972602739765
82000,8640705498655,328082191699189,32570921385609,223972602739765
83000,8662380757655,328082191699189,32558136239058,223972602739765
84000,8674884323087,328082191699189,32532734171709,223972602739765
85000,8681291028552,328082191699189,32522333896299,223972602739765
86000,8691356045605,328082191699189,32501124486014,223972602739765
87000,8648102051697,328082191699189,32301606313185,223972602739765
88000,8701332386584,328082191699189,31855137588301,223972602739765
89000,8742842881934,328082191699189,31748971071225,223972602739765
90000,8748840889031,328082191699189,31733922989442,223972602739765
91000,8760160302080,328082191699189,31685922183827,223972602739765
92000,8795675543075,328082191699189,31606371485895,223972602739765
93000,8804152157271,328698630055354,31568594707596,223767123287718
94000,8828918813980,328698630055354,31531497329183,223767123287718
95000,8849819765805,328698630055354,31511230246156,223767123287718
96000,8863412617157,328698630055354,31485123095442,223767123287718
97000,8869822142050,328698630055354,31464205882780,223767123287718
98000,8880054205378,328698630055354,31453765950533,223767123287718
99000,9971135333662,328698630055354,31447899315296,223767123287718
100000,9981976049505,328698630055354,31433940659798,223767123287718
101000,9997511296640,328698630055354,31409533746627,223767123287718
102000,10021706049965,328698630055354,31382852198206,223767123287718
103000,10030296030050,328698630055354,31365670553383,223767123287718
104000,10033020252360,328698630055354,31352586833798,223767123287718
105000,10042114579699,328698630055354,31317347582724,223767123287718
106000,10052055483253,328698630055354,31301286301605,223767123287718
107000,10077873354502,329315068411519,31261456218618,223561643835671
108000,10107615339455,329315068411519,31244206096286,223561643835671
109000,10137854391419,329315068411519,31235265576381,223561643835671
110000,10160234726749,329315068411519,31212414378146,223561643835671
111000,10182431790052,329315068411519,31196121440478,223561643835671
112000,10206969968612,329315068411519,31185710243028,223561643835671
113000,10209034295733,329315068411519,31181944040932,223561643835671
114000,10218796458798,329315068411519,31179551066650,223561643835671
115000,10239821904364,329315068411519,31142710078489,223561643835671
116000,10252676964275,329315068411519,31116867537384,223561643835671
117000,10262992209563,329315068411519,31109687397026,223561643835671
118000,10275070828666,329315068411519,31091042940342,223561643835671
119000,10289648069348,329315068411519,31086571099190,223561643835671
120000,10297757331243,329315068411519,31029374873638,223561643835671
121000,10325057027564,329931506767684,31025766480502,223356164383624
122000,10328069718518,329931506767684,31025119508282,223356164383624
123000,10375094837898,329931506767684,30991952950800,223356164383624
124000,10397938941259,329931506767684,30982343836834,223356164383624
125000,10407484761332,329931506767684,30976010407807,223356164383624
126000,10430007010882,329931506767684,30948160452796,223356164383624
127000,10430376068513,329931506767684,30940790151603,223356164383624
128000,10437776602832,329931506767684,30908561940486,223356164383624
129000,10453810480046,329931506767684,30899050958255,223356164383624
130000,10481117643487,329931506767684,30881709817170,223356164383624
131000,10509260845566,329931506767684,30865734644420,223356164383624
132000,10519945235874,329931506767684,30856705990348,223356164383624
133000,10531969999253,329931506767684,30837726552153,223356164383624
134000,10711701280554,330547945123849,30832390535493,223150684931577
135000,10754202596289,330547945123849,30824994490198,223150684931577
136000,10782983155182,330547945123849,30811778796689,223150684931577
137000,10812448528940,330547945123849,30777952733364,223150684931577
138000,10827637314428,330547945123849,30765768046847,223150684931577
139000,10835129345162,330547945123849,30752930856353,223150684931577
140000,10844753500437,330547945123849,30738507927926,223150684931577
141000,10851600897386,330547945123849,30725724024097,223150684931577
142000,10853398328062,330547945123849,30721800735476,223150684931577
143000,10875288150288,330547945123849,30690416275321,223150684931577
144000,10875103802928,330547945123849,30683847698939,223150684931577
145000,10891405149465,330547945123849,30667666674373,223150684931577
146000,11032234555081,330547945123849,30635881149739,223150684931577
147000,11081243456924,330547945123849,30614032380331,223150684931577
148000,11151559684245,331164383480014,30603725856720,222945205479530
149000,11304890840131,331164383480014,30589495721146,222945205479530
150000,11246153270688,331164383480014,30575942894022,222945205479530
151000,11259253385616,331164383480014,30573175746132,222945205479530
152000,11268393053481,331164383480014,30569820974869,222945205479530
153000,11275064021763,331164383480014,30490487464988,222945205479530
154000,11288208419631,331164383480014,30473810053026,222945205479530
155000,11302066398911,331164383480014,30468687359822,222945205479530
156000,11230296560991,331164383480014,30454767083049,222945205479530
157000,11238833585901,331164383480014,30432202495117,222945205479530
158000,11245109772527,331164383480014,30422046920049,222945205479530
159000,11246249329956,331164383480014,30412800673717,222945205479530
160000,11255880246774,331164383480014,30405758827103,222945205479530
161000,11219290030227,331780821836179,30397335366643,222739726027483
162000,11237929152707,331780821836179,30394513512539,222739726027483
163000,11266917792078,331780821836179,30378162701170,222739726027483
164000,11274990206514,331780821836179,30375260735195,222739726027483
165000,11284522755543,331780821836179,30371345004099,222739726027483
166000,11288646632531,331780821836179,30362067961824,222739726027483
167000,11305379108742,331780821836179,30357017287450,222739726027483
168000,11316550199257,331780821836179,30343929253572,222739726027483
169000,11323357692657,331780821836179,30264900833574,222739726027483
170000,11340422674981,331780821836179,30024337593286,222739726027483
171000,11347326497773,331780821836179,29993275293131,222739726027483
172000,11359798331896,331780821836179,29980868412131,222739726027483
173000,11365854883027,331780821836179,29970950656844,222739726027483
174000,11379381277247,331780821836179,29964128024127,222739726027483
175000,11339143287954,332397260192344,29958292240385,222534246575436
176000,11364121696560,332397260192344,29953805455904,222534246575436
177000,11373609362781,332397260192344,29943270801903,222534246575436
178000,11418278150757,332397260192344,29907876399123,222534246575436
179000,11431874078523,332397260192344,29904807071199,222534246575436
180000,11436708903259,332397260192344,29901868752279,222534246575436
181000,11438508358920,332397260192344,29900733763541,222534246575436
182000,11462972041588,332397260192344,29857760484813,222534246575436
183000,11498805039666,332397260192344,29856851807790,222534246575436
184000,11503415307292,332397260192344,29855026734545,222534246575436
185000,11497755639960,332397260192344,29815133468382,222534246575436
186000,11511697368377,332397260192344,29807650208380,222534246575436
187000,11519384813849,332397260192344,29806176828121,222534246575436
188000,11524766940592,332397260192344,29802819783527,222534246575436
189000,12905836809232,333013698548509,29800586209512,222328767123389
190000,13432756920422,333013698548509,29795703755903,222328767123389
191000,13457258043127,333013698548509,29782056929425,222328767123389
192000,13460536186740,333013698548509,29777732929937,222328767123389
193000,13465263619122,333013698548509,29776512146034,222328767123389
194000,13455839853549,333013698548509,29775083994770,222328767123389
195000,13460776165961,333013698548509,29773137228092,222328767123389
196000,13511119006424,333013698548509,29732384959474,222328767123389
197000,13532234745188,333013698548509,29713371007167,222328767123389
198000,13550615433146,333013698548509,29701848236172,222328767123389
199000,13559224328746,333013698548509,29697232170410,222328767123389
200000,13564579042548,333013698548509,29690109792621,222328767123389
201000,13588995052643,333013698548509,29675490681566,222328767123389
202000,13606796079224,333630136904674,29672509912148,222123287671342
203000,13634481206494,333630136904674,29660379310471,222123287671342
204000,13641615653250,333630136904674,29654537818171,222123287671342
205000,13655375971381,333630136904674,29647620817337,222123287671342
206000,13668040501288,333630136904674,29647620817337,222123287671342
207000,13677077707777,333630136904674,29646976684240,222123287671342
208000,13684294411194,333630136904674,29645619258548,222123287671342
209000,13691610636007,333630136904674,29645179259645,222123287671342
210000,13701305473490,333630136904674,29639433171080,222123287671342
211000,13765886652160,333630136904674,29638472722940,222123287671342
212000,13772894590270,333630136904674,29631851157948,222123287671342
213000,13793256398802,333630136904674,29629120095249,222123287671342
214000,13810591205169,333630136904674,29626947734212,222123287671342
215000,13824226475983,333630136904674,29624825739884,222123287671342
216000,13865159996483,334246575260839,29623877214055,221917808219295
217000,13878631849697,334246575260839,29619091083610,221917808219295
218000,13880893459519,334246575260839,29613986011175,221917808219295
219000,13917306512606,334246575260839,29613612797412,221917808219295
220000,13937637078547,334246575260839,29609558237077,221917808219295
221000,13942134036337,334246575260839,29607947194554,221917808219295
222000,13958679554583,334246575260839,29605686871121,221917808219295
223000,13961111826813,334246575260839,29593922961307,221917808219295
224000,13978688245020,334246575260839,29590003254413,221917808219295
225000,14002031378859,334246575260839,29583129365867,221917808219295
226000,14013597988988,334246575260839,29578997992511,221917808219295
227000,14021553689240,334246575260839,29576693157438,221917808219295
228000,14036175094333,334246575260839,29569486717275,221917808219295
229000,14058766919098,334863013617004,29565058099526,221712328767248
230000,14079929038597,334863013617004,29560703450619,221712328767248
231000,14107353534189,334863013617004,29553113945627,221712328767248
232000,14142619428317,334863013617004,29549147034478,221712328767248
233000,14155399492337,334863013617004,29546948590868,221712328767248
234000,14163631528803,334863013617004,29534834503615,221712328767248
235000,14177012624553,334863013617004,29515078988680,221712328767248
236000,14182139343227,334863013617004,29512126959095,221712328767248
237000,14191982834962,334863013617004,29510015750408,221712328767248
238000,14200847093131,334863013617004,29500859072945,221712328767248
239000,14221277838364,334863013617004,29491475896847,221712328767248
240000,14237280913390,334863013617004,29486184795954,221712328767248
241000,14253540370396,334863013617004,29475957070724,221712328767248
242000,14267139703537,334863013617004,29470592389990,221712328767248
243000,14307269012387,335479451973169,29466192628286,221506849315201
244000,14355846880049,335479451973169,29454249206895,221506849315201
245000,14369303965493,335479451973169,29441856329574,221506849315201
246000,14382159701857,335479451973169,29438409468560,221506849315201
247000,14397317669463,335479451973169,29428172579299,221506849315201
248000,14462637100292,335479451973169,29402606797388,221506849315201
249000,14472162409385,335479451973169,29393531883723,221506849315201
250000,14475115420130,335479451973169,29393294533774,221506849315201
251000,14495239964420,335479451973169,29366279539550,221506849315201
252000,14501202110018,335479451973169,29364156544965,221506849315201
253000,14493487022244,335479451973169,29360337349212,221506849315201
254000,14504885557288,335479451973169,29357140543506,221506849315201
255000,14501477656343,335479451973169,29354667457370,221506849315201
256000,14535332303879,336095890329334,29352128136736,221301369863154
257000,14572023507099,336095890329334,29347326365842,221301369863154
258000,14624450861533,336095890329334,29327372127230,221301369863154
259000,14649339775378,336095890329334,29324726091808,221301369863154
260000,14667834916226,336095890329334,29323641914341,221301369863154
261000,14675118116189,336095890329334,29323208740455,221301369863154
262000,14678695282472,336095890329334,29322530760121,221301369863154
263000,14685631817311,336095890329334,29314196747287,221301369863154
264000,14690894492568,336095890329334,29301907215161,221301369863154
265000,14693728084368,336095890329334,29298477803155,221301369863154
266000,14669347884470,336095890329334,29298477803155,221301369863154
267000,14679000401890,336095890329334,29297764212503,221301369863154
268000,14747977335779,336095890329334,29295990748711,221301369863154
269000,14762072561462,336095890329334,29291085324438,221301369863154
270000,14796847187555,336712328685499,29289119487106,221095890411107
271000,14824296211917,336712328685499,29287730623898,221095890411107
272000,14843534141144,336712328685499,29280973149630,221095890411107
273000,14872833533653,336712328685499,29280228939859,221095890411107
274000,14878252649309,336712328685499,29279552677149,221095890411107
275000,14886782613824,336712328685499,29278177559960,221095890411107
276000,14890582580584,336712328685499,29275682740853,221095890411107
277000,14884036086770,336712328685499,29275313927230,221095890411107
278000,14887243069307,336712328685499,29273344791053,221095890411107
279000,14937979060381,336712328685499,29269845148560,221095890411107
280000,14947123901185,336712328685499,29269120681325,221095890411107
281000,14956424632072,336712328685499,29266972513481,221095890411107
282000,14956087204387,336712328685499,29265181469339,221095890411107
283000,14961159077239,336712328685499,29264445352596,221095890411107
284000,14987452869058,337328767041664,29262835785208,220890410959060
285000,15001595806984,337328767041664,29260131279956,220890410959060
286000,15094468455962,337328767041664,29259353425020,220890410959060
287000,15102048928106,337328767041664,29257637511629,220890410959060
288000,15107743764317,337328767041664,29255579225882,220890410959060
289000,15115266382477,337328767041664,29254650240512,220890410959060
290000,15120013131256,337328767041664,29254547824840,220890410959060
291000,15217671439803,337328767041664,29253376432645,220890410959060
292000,15232849995837,337328767041664,29250703748845,220890410959060
293000,15242058798677,337328767041664,29250542039893,220890410959060
294000,15248213005891,337328767041664,29243076830020,220890410959060
295000,15256212558585,337328767041664,29241770473237,220890410959060
296000,15269099305025,337328767041664,29241552082792,220890410959060
297000,15287592851809,337945205397829,29241082429669,220684931507013
298000,15313833684933,337945205397829,29223797606327,220684931507013
299000,15334862680378,337945205397829,29223127623041,220684931507013
300000,15358196809087,337945205397829,29221957807011,220684931507013
301000,15368577665926,337945205397829,29221120815396,220684931507013
302000,15374178429556,337945205397829,29220915398040,220684931507013
303000,15378085780887,337945205397829,29220504184440,220684931507013
304000,15381730644976,337945205397829,29219250629340,220684931507013
305000,15440261529037,337945205397829,29219250629340,220684931507013
306000,15445463301917,337945205397829,29217838820733,220684931507013
307000,15449013895313,337945205397829,29215330674910,220684931507013
308000,15454723671402,337945205397829,29215295938555,220684931507013
309000,15464590283287,337945205397829,29215110324358,220684931507013
310000,15475389082485,337945205397829,29212893426424,220684931507013
311000,15608821618909,338561643753994,29197175240056,220479452054966
312000,15629399794177,338561643753994,29195497639718,220479452054966
313000,15642097467098,338561643753994,29192736149870,220479452054966
314000,15654722029955,338561643753994,29180913714651,220479452054966
315000,15809445358822,338561643753994,29179132223510,220479452054966
316000,15820509512202,338561643753994,29177192650622,220479452054966
317000,15826830901126,338561643753994,29175328056940,220479452054966
318000,15861430077520,338561643753994,29173466100310,220479452054966
319000,15867107135768,338561643753994,29171987915761,220479452054966
320000,15874180065011,338561643753994,29169701787597,220479452054966
321000,15889935883363,338561643753994,29167863736211,220479452054966
322000,15906492611620,338561643753994,29161039966826,220479452054966
323000,15917230729143,338561643753994,29157154445647,220479452054966
324000,15945413187917,339178082110159,29156020219739,220273972602919
325000,15975428631550,339178082110159,29153863211201,220273972602919
326000,15986240409119,339178082110159,29147737685027,220273972602919
327000,15989212675145,339178082110159,29147127570928,220273972602919
328000,16000934391779,339178082110159,29145587956172,220273972602919
329000,16011384922017,339178082110159,29145207336438,220273972602919
330000,16010387818762,339178082110159,29142538699154,220273972602919
331000,16023516523000,339178082110159,29142409933159,220273972602919
332000,16033039047498,339178082110159,29142154730056,220273972602919
333000,16067746297713,339178082110159,29103323883114,220273972602919
334000,16076053733077,339178082110159,29102606023670,220273972602919
335000,16115566145464,339178082110159,29098010286448,220273972602919
336000,16122788698896,339178082110159,29095858582324,220273972602919
337000,16131614421054,339178082110159,29095397249560,220273972602919
338000,16186045957472,339794520466324,29086486550560,220068493150872
339000,16254927390011,339794520466324,29083243490324,220068493150872
340000,16262150672493,339794520466324,29082673558451,220068493150872
341000,16265953662306,339794520466324,29073948165487,220068493150872
342000,16283668976193,339794520466324,29073687996438,220068493150872
343000,16292015821338,339794520466324,29073687996438,220068493150872
344000,16311522340204,339794520466324,29073284072623,220068493150872
345000,16326284964415,339794520466324,29072520095054,220068493150872
346000,16329695006147,339794520466324,29072520095054,220068493150872
347000,16346907773947,339794520466324,29072377158687,220068493150872
348000,16369575198274,339794520466324,29070124822187,220068493150872
349000,16378919179812,339794520466324,29067521479752,220068493150872
350000,16391726742265,339794520466324,29059439234778,220068493150872
351000,16462598686908,340410958822489,29058935830406,219863013698825
352000,16484365305785,340410958822489,29056930412022,219863013698825
353000,16518433365637,340410958822489,29055536345432,219863013698825
354000,16530633476476,340410958822489,29055176463437,219863013698825
355000,16553817714776,340410958822489,29054796045773,219863013698825
356000,16596295434635,340410958822489,29051682398162,219863013698825
357000,16608771830138,340410958822489,29051682398162,219863013698825
358000,16626080279887,340410958822489,29051682398162,219863013698825
359000,16629393877346,340410958822489,29051242909490,219863013698825
360000,16634476234786,340410958822489,29048956912672,219863013698825
361000,16638655406019,340410958822489,29046775559382,219863013698825
362000,16644240692673,340410958822489,29046272705655,219863013698825
363000,16650263979445,340410958822489,29045105572147,219863013698825
364000,16662077612723,341027397178654,29043979489777,219657534246778
365000,16716240674654,341027397178654,29043890810021,219657534246778
366000,16750000457943,341027397178654,29043741594234,219657534246778
367000,16796334298781,341027397178654,29043741594234,219657534246778
368000,16805103668198,341027397178654,29043255613606,219657534246778
369000,16816637272229,341027397178654,29043094849341,219657534246778
370000,16824726674246,341027397178654,29042858605742,219657534246778
371000,16828734740438,341027397178654,29042683453877,219657534246778
372000,16841726476790,341027397178654,29042683453877,219657534246778
373000,16863996725778,341027397178654,29040115762182,219657534246778
374000,16894021525686,341027397178654,29037729996846,219657534246778
375000,16945020212098,341027397178654,29037729996846,219657534246778
376000,16948558947750,341027397178654,29037436612042,219657534246778
377000,16960926667801,341027397178654,29036821688602,219657534246778
378000,17004563817784,341643835534819,29036796479990,219452054794731
379000,17050827531538,341643835534819,29035297143444,219452054794731
380000,17087625013308,341643835534819,29034692556043,219452054794731
381000,17107066892077,341643835534819,29034620481639,219452054794731
382000,17126657432851,341643835534819,29032090037054,219452054794731
383000,17142125609857,341643835534819,29032090037054,219452054794731
384000,17164544242386,341643835534819,29028884259287,219452054794731
385000,17172068584581,341643835534819,29028349568953,219452054794731
386000,17179003865695,341643835534819,29026886534833,219452054794731
387000,17197565014876,341643835534819,29025864287698,219452054794731
388000,17207220916926,341643835534819,29023148309740,219452054794731
389000,17209680025421,341643835534819,29023071057214,219452054794731
390000,17214663396908,341643835534819,29022907241647,219452054794731
391000,17313838735375,342260273890984,29022011775142,219246575342684
392000,17344648968063,342260273890984,29017916896171,219246575342684
393000,17357587005345,342260273890984,29017482151164,219246575342684
394000,17378150165740,342260273890984,29016564830461,219246575342684
395000,17393257541228,342260273890984,29013889873341,219246575342684
396000,17415477594494,342260273890984,29011141477820,219246575342684
397000,17425591390533,342260273890984,29010026191203,219246575342684
398000,17482702854739,342260273890984,29008414613181,219246575342684
399000,17539255882781,342260273890984,29008276925658,219246575342684
400000,17547890450330,342260273890984,29007827757688,219246575342684
401000,17563388899409,342260273890984,29007301241209,219246575342684
402000,17572638075062,342260273890984,28996736690500,219246575342684
403000,17593438689704,342260273890984,28994619657061,219246575342684
404000,17609166050350,342260273890984,28990042404476,219246575342684
405000,17653217682219,342876712247149,28986365013479,219041095890637
406000,17658233441745,342876712247148,28985250676606,219041095890637
407000,17717309004842,342876712247148,28979348597752,219041095890637
408000,17744259862953,342876402247147,28977376688124,219041095890637
409000,17750509897126,342876402247147,28977159055452,219041095890637
410000,17783637324774,342876402247147,28975878579170,219041095890637
411000,17829705803808,342876402247147,28975726817260,219041095890637
412000,17834164857820,342876402247147,28975139067596,219041095890637
413000,17846864623880,342876402247147,28971914244448,219041095890637
414000,17861064956834,342876402247147,28971605820357,219041095890637
415000,17907239772676,342876402247147,28970889026844,219041095890637
416000,17949315369849,342876402247147,28963616316814,219041095890637
417000,18039798543847,342876402247147,28959302143123,219041095890637
418000,18085772820513,343492840603312,28955273508758,218835616438590
419000,18121930617766,343492840603312,28954357456064,218835616438590
420000,17940184709583,343492840603312,28953811939668,218835616438590
421000,18167868786749,343492840603312,28953144108452,218835616438590
422000,18183588505179,343492840603312,28953144108452,218835616438590
423000,18190580567204,343492840603312,28953144108452,218835616438590
424000,18196680725834,343492840603312,28952953796057,218835616438590
425000,18205581640690,343492840603312,28942843303492,218835616438590
426000,18232910598957,343492840603312,28942821828179,218835616438590
427000,18266201489484,343492840603312,28942712324798,218835616438590
428000,18275826521271,343492840603312,28942116047654,218835616438590
429000,18345052872658,343492840603312,28942045322088,218835616438590
430000,18381219596924,343492840603312,28941104717524,218835616438590
431000,18420616443196,344109278959477,28941058452900,218630136986543
432000,18470094034639,344109278959477,28940969747884,218630136986543
433000,18490020949848,344109278959477,28940849686183,218630136986543
434000,18503984733751,344109278959477,28940809665616,218630136986543
435000,18530501514221,344109278959477,28940809665616,218630136986543
436000,18582089514941,344109278959477,28925322706386,218630136986543
437000,18643849493503,344109278959477,28922141712879,218630136986543
438000,18651957266607,344109278959477,28921343721369,218630136986543
439000,18661482342112,344109278959477,28921092686023,218630136986543
440000,18673421446677,344109278959477,28920677284462,218630136986543
441000,18705153755412,344109278959477,28918864926659,218630136986543
442000,18731698963373,344109278959477,28918270468169,218630136986543
443000,18867108547929,344109278959477,28916440085453,218630136986543
444000,18898572667673,344725717315642,28911412750507,218424657534496
445000,18941867043339,344725717315642,28904200965499,218424657534496
446000,18661494574315,344725717315642,28901295296524,218424657534496
447000,19002788500816,344725717315642,28900850099290,218424657534496
448000,19017299870293,344725717315642,28898766220986,218424657534496
449000,19027673596708,344725717315642,28895848872188,218424657534496
450000,19065059669855,344725717315642,28895501387378,218424657534496
451000,19093087548724,344725717315642,28892715466889,218424657534496
452000,19226738024226,344725717315642,28812695737128,218424657534496
453000,19268772976524,344725717315642,28804810351720,218424657534496
454000,19282685325211,344725717315642,28803735196811,218424657534496
455000,19325682122630,344725717315642,28760217553483,218424657534496
456000,19334247836787,344725717315642,28684098571133,218424657534496
457000,19351591495887,344725717315642,28675581525583,218424657534496
458000,19397574516208,345342155671807,28675468829447,218219178082449
459000,19435201139860,345342155671807,28673519006403,218219178082449
460000,19502676198283,345342155671807,28550392164902,218219178082449
461000,19523835034797,345342155671807,28549973651414,218219178082449
462000,19538463220478,345342155671807,28549764394670,218219178082449
463000,19546999532841,345342155671807,28549539719752,218219178082449
464000,19581907037734,345342155671807,28432209661895,218219178082449
465000,19618289737484,345342155671807,28427856781108,218219178082449
466000,19632550869646,345342155671807,28426393595428,218219178082449
467000,19642776496782,345342155671807,28426094608150,218219178082449
468000,19653270487195,345342155671807,28425059357619,218219178082449
469000,19658424132876,345342155671807,28424251747426,218219178082449
470000,19844170827431,345342155671807,28423334618702,218219178082449
471000,19879666006426,345958594027972,28422994938965,218013698630402
472000,19908308187055,345958594027972,28422406386060,218013698630402
473000,19942090176452,345958594027972,28410869707379,218013698630402
474000,19990432522595,345958594027972,28409235027356,218013698630402
475000,20001657442564,345958594027972,28407608526242,218013698630402
476000,20024920544961,345958594027972,28406023818884,218013698630402
477000,19996948125272,345958594027972,28405678592240,218013698630402
478000,20000425067922,345958594027972,28405678592240,218013698630402
479000,20008758179853,345958594027972,28405678592240,218013698630402
480000,20016840583415,345958594027972,28405416291320,218013698630402
481000,20025075775623,345958594027972,28405311425514,218013698630402
482000,20073178672774,345958594027972,28404169505670,218013698630402
483000,20082148292222,345958594027972,28403902819767,218013698630402
484000,20110350071598,346575032384137,28401713176428,217808219178355
485000,20159376351918,346575032384137,28401588143730,217808219178355
486000,20194157237178,346575032384137,28401552402060,217808219178355
487000,20206774228868,346575032384137,28401230130913,217808219178355
488000,20212726052982,346575032384137,28401105098215,217808219178355
489000,20229010217977,346575032384137,28399634546971,217808219178355
490000,20267208793305,346575032384137,28397921780872,217808219178355
491000,20280078024022,346575032384137,28397734474314,217808219178355
492000,20289037537152,346575032384137,28397552335773,217808219178355
493000,20294487780667,346575032384137,28396151257245,217808219178355
494000,20296249035928,346575032384137,28388305053798,217808219178355
495000,20324267129642,346575032384137,28387683467001,217808219178355
496000,20338334714660,346575032384137,28378601596967,217808219178355
497000,20342458949607,346575032384137,28377866288512,217808219178355
498000,20373903883461,347191470740302,28376460254146,217602739726308
499000,20396417024562,347191470740302,28375924038163,217602739726308
500000,20418338211957,347191470740302,28375483963479,217602739726308
501000,20439022172289,347191470740302,28368505390972,217602739726308
502000,20510402954765,347191470740302,28365428005367,217602739726308
503000,20523759894032,347191470740302,28365428005367,217602739726308
504000,20543333021439,347191470740302,28364006916554,217602739726308
505000,20560982094145,347191470740302,28363890219371,217602739726308
506000,20584716844349,347191470740302,28363890219371,217602739726308
507000,20598059800342,347191470740302,28361482897892,217602739726308
508000,20703579196451,347191470740302,28361153938129,217602739726308
509000,20729800626870,347191470740302,28361153938129,217602739726308
510000,20756678055561,347191470740302,28361085005961,217602739726308
511000,20800472799849,347807909096467,28360915421210,217397260274261
512000,20828732255463,347807909096467,28360831328513,217397260274261
513000,20849196159252,347807909096467,28360790524913,217397260274261
514000,20874307238212,347807909096467,28360093837670,217397260274261
515000,20897223606199,347807909096467,28359945788852,217397260274261
516000,20902364959759,347807909096467,28359613949546,217397260274261
517000,20949928533262,347807909096467,28359506406272,217397260274261
518000,20962635749419,347807909096467,28358749516414,217397260274261
519000,20987144071947,347807909096467,28358749516414,217397260274261
520000,20993026531987,347807909096467,28358749516414,217397260274261
521000,20996056035536,347807909096467,28353966972756,217397260274261
522000,21000692053887,347807909096467,28351599772879,217397260274261
523000,21001451696186,347807909096467,28350422869136,217397260274261
524000,21025341542983,347807909096467,28349782489545,217397260274261
525000,21069419979604,348424347452632,28349707823555,217191780822214
526000,21093128220015,348424347452632,28349575728404,217191780822214
527000,21129045877909,348424347452632,28348912357955,217191780822214
528000,21152557065923,348424347452632,28348626343763,217191780822214
529000,21163891912693,348424347452632,28348374186911,217191780822214
530000,21176309208668,348424347452632,28342790741882,217191780822214
531000,21192999325561,348424347452632,28342209544435,217191780822214
532000,21206561924356,348424347452632,28341591938477,217191780822214
533000,21224339526242,348424347452632,28341222488325,217191780822214
534000,21232951748110,348424347452632,28340995812885,217191780822214
535000,21243791320181,348424347452632,28332500106246,217191780822214
536000,21286801151101,348424347452632,28331983400411,217191780822214
537000,21291793809236,348424347452632,28331850411089,217191780822214
538000,21255418142088,349040785808797,28331742625327,216986301370167
539000,21278327356831,349040785808797,28328665537791,216986301370167
540000,21353109645336,349040785808797,28328306585334,216986301370167
541000,21384209547244,349040785808797,28327880615354,216986301370167
542000,21398468009498,349040785808797,28327725913284,216986301370167
543000,21411846128873,349040785808797,28327725913284,216986301370167
544000,21441041160014,349040785808797,28317624695862,216986301370167
545000,21446745550594,349040785808797,28317601780780,216986301370167
546000,21456041566014,349040785808797,28317559668757,216986301370167
547000,21460995101615,349040785808797,28316871857573,216986301370167
548000,21486505751557,349040785808797,28316757155861,216986301370167
549000,21507895327152,349040785808797,28316641797410,216986301370167
550000,21570675675510,349040785808797,28316490318404,216986301370167
551000,21592137709741,349040785808797,28315480806924,216986301370167
552000,21654688696969,349657224164962,28315098727206,216780821918120
553000,21689576516351,349657224164962,28313922146784,216780821918120
554000,21728907725706,349657224164962,28313007427772,216780821918120
555000,21798399458670,349657224164962,28309805741985,216780821918120
556000,21811269463332,349657224164962,28309760831251,216780821918120
557000,21836202534345,349657224164962,28307705617010,216780821918120
558000,21841958456138,349657224164962,28307526782365,216780821918120
559000,21853162092284,349657224164962,28307464079099,216780821918120
560000,21863826835697,349657224164962,28307372686513,216780821918120
561000,21879343053344,349657224164962,28305968581941,216780821918120
562000,21895438238346,349657224164962,28302820970902,216780821918120
563000,21900111378518,349657224164962,28300507471942,216780821918120
564000,21966537112681,349657224164962,28298693608698,216780821918120
565000,21998340353053,350273662521127,28298087601735,216575342466073
566000,22030658817320,350273662521127,28297277642443,216575342466073
567000,22070319867343,350273662521127,28296698395002,216575342466073
568000,22090232999655,350273662521127,28295385157629,216575342466073
569000,22112938089972,350273662521127,28294633905609,216575342466073
570000,22122334009625,350273662521127,28294140857478,216575342466073
571000,22128855396199,350273662521127,28293068521487,216575342466073
572000,22133742731330,350273662521127,28293068521487,216575342466073
573000,22139116407710,350273662521127,28292796682722,216575342466073
574000,22151835927777,350273662521127,28288184582632,216575342466073
575000,22192294718786,350273662521127,28287312213079,216575342466073
576000,22201477020924,350273662521127,28286981232587,216575342466073
577000,22213574580807,350273662521127,28286199305877,216575342466073
578000,22238418064268,350890100877292,28285726020490,216369863014026
579000,22270194080052,350890100877292,28285726020490,216369863014026
580000,22289423403941,350890100877292,28284144298765,216369863014026
581000,22303837966375,350890100877292,28283954643110,216369863014026
582000,22327942859089,350890090377291,28282689377881,216369863014026
583000,22340094480812,350890090377291,28278100364641,216369863014026
584000,22443075219558,350890090377291,28276669990576,216369863014026
585000,22485141684753,350890090377291,28274971733319,216369863014026
586000,22488846213479,350890090377291,28274971733319,216369863014026
587000,22515705914651,350890090377291,28274373228317,216369863014026
588000,22523056115037,350890090377291,28273574640684,216369863014026
589000,22527462184713,350890090377291,28273574640684,216369863014026
590000,22544550749984,350890090377291,28271557385868,216369863014026
591000,22560937628848,350890090377291,28269655529912,216369863014026
592000,22597731295410,351506528733456,28268250137126,216164383561979
593000,22617744007685,351506528733456,28268250137126,216164383561979
594000,22638891540873,351506528733456,28267752693908,216164383561979
595000,22659982806140,351506528733456,28266511364229,216164383561979
596000,22678298910269,351506528733456,28263292896277,216164383561979
597000,22696514144461,351506528733456,28263150081151,216164383561979
598000,22701629805857,351506528733456,28263150081151,216164383561979
599000,22711663741856,351506528733456,28263150081151,216164383561979
600000,22751322654234,351506528733456,28263150081151,216164383561979
601000,22769476066448,351506528733456,28257078402385,216164383561979
602000,22776487721775,351506528733456,28256828731033,216164383561979
603000,22785381026481,351506528733456,28253705444537,216164383561979
604000,22789344250717,351506528733456,28253435722487,216164383561979
605000,22788565669540,351506528733456,28253435722487,216164383561979
606000,22854518501851,352122967089621,28250712722495,215958904109932
607000,22871728848679,352122967089621,28250187964052,215958904109932
608000,22942073126675,352122967089621,28249469629731,215958904109932
609000,22970786015347,352122967089621,28249013141666,215958904109932
610000,22987420800449,352122967089621,28248859086227,215958904109932
611000,22992934030343,352122967089621,28248859086227,215958904109932
612000,23016684944314,352122967089621,28247927600201,215958904109932
613000,23038607628297,352122967089621,28247927600201,215958904109932
614000,23041744022176,352122967089621,28246154767884,215958904109932
615000,23050358447365,352122967089621,28246154767884,215958904109932
616000,23082443699869,352122967089621,28245148428951,215958904109932
617000,23111609848010,352122967089621,28244913751419,215958904109932
618000,23170088794679,352122967089621,28244913751419,215958904109932
619000,23210776942325,352739405445786,28244913751419,215753424657885
620000,23317883632759,352739405445786,28244913751419,215753424657885
621000,23359009807270,352739405445786,28244913751419,215753424657885
622000,23375912494663,352739405445786,28244337777560,215753424657885
623000,23389794358277,352739405445786,28243698337607,215753424657885
624000,23398472209815,352739405445786,28243358445689,215753424657885
625000,23402026593301,352739405445786,28243358445689,215753424657885
626000,23409566102454,352739405445786,28243358445689,215753424657885
627000,23419831661955,352739405445786,28243028859497,215753424657885
628000,23422704906081,352739405445786,28243028859497,215753424657885
629000,23443381372772,352739405445786,28240242853131,215753424657885
630000,23448157482431,352739405445786,28240174451405,215753424657885
631000,23453730974441,352739405445786,28240115087396,215753424657885
632000,26391796827771,352739405445786,28240115087396,215753424657885
633000,26439548197842,353355843801951,28239779757278,215547945205838
634000,26479957685180,353355843801951,28239747370022,215547945205838
635000,26480443009789,353355843801951,28239747370022,215547945205838
636000,26497730840928,353355843801951,28239368831633,215547945205838
637000,26502146854850,353355843801951,28238411626760,215547945205838
638000,26516668711726,353355843801951,28238395405347,215547945205838
639000,26533738019702,353355843801951,28238340072696,215547945205838
640000,26546910814702,353355843801951,28238124693138,215547945205838
641000,26549710480815,353355843801951,28238124693138,215547945205838
642000,26567667061559,353355843801951,28238124693138,215547945205838
643000,26576570652833,353355843801951,28238124693138,215547945205838
644000,26589389705053,353355843801951,28237497513969,215547945205838
645000,26597273796211,353355843801951,28237122900849,215547945205838
646000,26622740075311,353972282158116,28143843006324,215342465753791
647000,26737111501665,353972282158116,28143843006324,215342465753791
648000,26759820186502,353972282158116,28139921859657,215342465753791
649000,26762128148928,353972282158116,28139921859657,215342465753791
650000,26769087957548,353972282158116,28139597320242,215342465753791
651000,26779951734423,353972282158116,28138834044874,215342465753791
652000,26779904434599,353972282158116,28138834044874,215342465753791
653000,26782859666814,353972282158116,28138614300538,215342465753791
654000,26786479435323,353972282158116,28138425478432,215342465753791
655000,26795492587916,353972282158116,28124820905419,215342465753791
656000,26842239947318,353972282158116,28111764945578,215342465753791
657000,26850601183535,353972282158116,28111473414794,215342465753791
658000,26853104173393,353972282158116,28111424220113,215342465753791
659000,26881295975493,353972282158116,28110493219067,215342465753791
660000,26932833971095,354588720514281,28109930314286,215136986301744
661000,26966301138178,354588720514281,28108787636668,215136986301744
662000,27009875751693,354588720514281,28106682616470,215136986301744
663000,27019758761951,354588720514281,28106682616470,215136986301744
664000,27025542730797,354588720514281,28106228103672,215136986301744
665000,27028398916805,354588720514281,28105335824869,215136986301744
666000,27034615509367,354588720514281,28105301922064,215136986301744
667000,27039215352074,354588720514281,28105301922064,215136986301744
668000,27042578578080,354588720514281,28104268439668,215136986301744
669000,27057602975619,354588720514281,28104076066127,215136986301744
670000,27062108182462,354588720514281,28102706420063,215136986301744
671000,27144740237204,354588720514281,28102392317719,215136986301744
672000,27098814343219,354588720514281,28101461104495,215136986301744
673000,27116911220759,355205158870446,28101156221735,214931506849697
674000,27123304588644,355205158870446,28101134822201,214931506849697
675000,27143342651257,355205158870446,28100440610348,214931506849697
676000,27164409700782,355205158870446,28100269580774,214931506849697
677000,27180095876236,355205158870446,28100151105346,214931506849697
678000,27183826648285,355205158870446,28099989704552,214931506849697
679000,27188097004145,355205158870446,28099950376088,214931506849697
680000,27192771691610,355205158870446,28099855881683,214931506849697
681000,27198669922191,355205158870446,28099855881683,214931506849697
682000,27202521593164,355205158870446,28098959000669,214931506849697
683000,27212606413777,355205158870446,28098959000669,214931506849697
684000,27215763231660,355205158870446,28098959000669,214931506849697
685000,27227444675687,355205158870446,28098269325359,214931506849697
686000,27247706302536,355821597226611,28094670490258,214726027397650
687000,27275641192896,355821597226611,28094161104521,214726027397650
688000,27264149926173,355821597226611,28076385961025,214726027397650
689000,27390697312346,355821597226611,28062905102184,214726027397650
690000,27413005144767,355821597226611,28060963720738,214726027397650
691000,27422623277448,355821597226611,28060963720738,214726027397650
692000,27438878189022,355821597226611,28060429535587,214726027397650
693000,27445047890422,355821597226611,28060429535587,214726027397650
694000,27450345311552,355821597226611,28060230529000,214726027397650
695000,27466147764116,355821597226611,28038805117756,214726027397650
696000,27480648728605,355821597226611,28038477547245,214726027397650
697000,27482606386878,355821597226611,28036424232485,214726027397650
698000,27492259165760,355821597226611,28003286227861,214726027397650
699000,27499529328297,355821597226611,27969944351742,214726027397650
700000,27529348932701,356438035582776,27936399963067,214520547945603
701000,27519195467835,356438035582776,27935652868701,214520547945603
702000,27543535739260,356438035582776,27935633752591,214520547945603
703000,27553873327441,356438035582776,27935633752591,214520547945603
704000,27581761492946,356438035582776,27934456596260,214520547945603
705000,27598929693203,356438035582776,27934241903752,214520547945603
706000,27609792369017,356438035582776,27933863289586,214520547945603
707000,27600594357089,356438035582776,27933712416799,214520547945603
708000,27627956064473,356438035582776,27933712416799,214520547945603
709000,27639994024372,356438035582776,27933501897098,214520547945603
710000,27647408268106,356438035582776,27933501897098,214520547945603
711000,27671516775034,356438035582776,27932358355620,214520547945603
712000,27696342163335,356438035582776,27932192327352,214520547945603
713000,27712926790358,356438035582776,27926474134978,214520547945603
714000,27699439973089,357054473938941,27923334904927,214315068493556
715000,27719642247765,357054473938941,27917859518476,214315068493556
716000,27732306189204,357054473938941,27889038708551,214315068493556
717000,27755582383011,357054473938941,27860140418762,214315068493556
718000,27777094765098,357054473938941,27859332227609,214315068493556
719000,27783776912558,357054473938941,27857824792985,214315068493556
720000,27789772233483,357054473938941,27857570569939,214315068493556
721000,27809851012177,357054473938941,27856313089571,214315068493556
722000,27822032200446,357054473938941,27852445391229,214315068493556
723000,27873706954433,357054473938941,27851365093568,214315068493556
724000,27876510971477,357054473938941,27848680381368,214315068493556
725000,27887538301877,357054473938941,27845112958526,214315068493556
726000,27927906643561,357054473938941,27840554129949,214315068493556
727000,27928015175508,357670912295106,27834012888985,214109589041509
728000,27943741375880,357670912295106,27832463296871,214109589041509
729000,28043907174995,357670912295106,27810343744507,214109589041509
730000,28072324267739,357670912295106,27804860563077,214109589041509
731000,28079556443931,357670912295106,27804549315015,214109589041509
732000,28087864442879,357670912295106,27802578213683,214109589041509
733000,28102863060161,357670912295106,27801236994246,214109589041509
734000,28115113366584,357670912295106,27800054786090,214109589041509
735000,28118193182603,357670912295106,27797565534094,214109589041509
736000,28146524588754,357670912295106,27796739651446,214109589041509
737000,28175094563969,357670912295106,27795302704956,214109589041509
738000,28205954772930,357670912295106,27795138303380,214109589041509
739000,28211544827856,357670912295106,27794928849614,214109589041509
740000,28224938100763,358287350651271,27794203755948,213904109589462
741000,27632581170060,358287350651271,27794192960196,213904109589462
742000,27684775946956,358287350651271,27789182195245,213904109589462
743000,27706718960270,358287350651271,27788958803492,213904109589462
744000,27979960119854,358287350651271,27788807460886,213904109589462
745000,27984828651428,358287350651271,27788611682416,213904109589462
746000,27994879385011,358287350651271,27788611682416,213904109589462
747000,28006874096693,358287350651271,27788555789011,213904109589462
748000,28094918693600,358287350651271,27724320793327,213904109589462
749000,28104623974259,358287350651271,27723908013661,213904109589462
750000,28185551770190,358287350651271,27723789841343,213904109589462
751000,28235190320796,358287350651271,27722386666307,213904109589462
752000,28361892974791,358287350651271,27721950729072,213904109589462
753000,28379595249086,358287350651271,27718930009814,213904109589462
754000,28399139943819,358903789007436,27718930009814,213698630137415
755000,28446610188687,358903789007436,27717449870213,213698630137415
756000,28464171193141,358903789007436,27717079101535,213698630137415
757000,29026619663002,358903789007436,27716252456065,213698630137415
758000,29103359179136,358903789007436,27715829830394,213698630137415
759000,29111413748526,358903789007436,27715746838994,213698630137415
760000,29119427115460,358903789007436,27712510356228,213698630137415
761000,29126412778431,358903789007436,27711836806348,213698630137415
762000,29147403971831,358903789007436,27711684226042,213698630137415
763000,29160388726533,358903789007436,27706814346416,213698630137415
764000,29180667707056,358903789007436,27706739155036,213698630137415
765000,29188881664856,358903789007436,27706227536392,213698630137415
766000,29203087539292,358903789007436,27705886982693,213698630137415
767000,29245717435496,358903789007436,27700103283279,213698630137415
768000,29285323076857,359520227363601,27699463055242,213493150685368
769000,29319637145875,359520227363601,27690728846839,213493150685368
770000,29378301446259,359520227363601,27689559904778,213493150685368
771000,29396175545913,359520227363601,27688722751505,213493150685368
772000,29416580362011,359520227363601,27688522689084,213493150685368
773000,29428889411179,359520227363601,27688112794012,213493150685368
774000,29464462683829,359520227363601,27656879509734,213493150685368
775000,29468445571191,359520227363601,27656879509734,213493150685368
776000,29474186723609,359520227363601,27656664130176,213493150685368
777000,29481978276660,359520227363601,27644942281861,213493150685368
778000,29485464309833,359520227363601,27644654150958,213493150685368
779000,29490468942174,359520227363601,27609052370711,213493150685368
780000,29512857665032,359520227363601,27607244104894,213493150685368
781000,29543618958158,360136665719766,27603055206403,213287671233321
782000,29564602083118,360136665719766,27601070323689,213287671233321
783000,29600320572964,360136665719766,27596868346010,213287671233321
784000,29618064831538,360136665719766,27595458396482,213287671233321
785000,29633629701871,360136665719766,27594989930536,213287671233321
786000,29643978657171,360136665719766,27594293051320,213287671233321
787000,29436098530296,360136665719766,27592516334150,213287671233321
788000,29464670618162,360136665719766,27590781794679,213287671233321
789000,29465872335861,360136665719766,27590495740075,213287671233321
790000,29857596935422,360136665719766,27590285048614,213287671233321
791000,29871193953121,360136665719766,27589025795059,213287671233321
792000,29858012056289,360136665719766,27588267611935,213287671233321
793000,29866292133899,360136665719766,27586076175204,213287671233321
794000,29890670916669,360136665719766,27583018274505,213287671233321
795000,29927781635547,360753104075931,27579005336173,213082191781274
796000,29954976577006,360753104075931,27571239840711,213082191781274
797000,30011482105001,360753104075931,27563580458867,213082191781274
798000,30045060253044,360753104075931,27544882538698,213082191781274
799000,30058024781395,360753104075931,27543489669388,213082191781274
800000,30069454411203,360753104075931,27542373185491,213082191781274
801000,30092987729953,360753104075931,27539436604392,213082191781274
802000,30103229413712,360753104075931,27473270704763,213082191781274
803000,30120744590399,360753104075931,27472594058113,213082191781274
804000,30143864725965,360753104075931,27471665239458,213082191781274
805000,30152941950920,360753104075931,27468838929628,213082191781274
806000,30182686852894,360753104075931,27459609531119,213082191781274
807000,30214266020841,360753104075931,27452019525992,213082191781274
808000,30240788929508,361369542432096,27439401070736,212876712329227
809000,30271550092417,361369542432096,27435146316599,212876712329227
810000,30299097527540,361369542432096,27432166423672,212876712329227
811000,30330519842923,361369542432096,27428612106975,212876712329227
812000,30355973796962,361369542432096,27428284528073,212876712329227
813000,30381051432118,361369542432096,27426720515662,212876712329227
814000,30397961118615,361369542432096,27424777729468,212876712329227
815000,30420499671554,361369542432096,27414480965995,212876712329227
816000,30445087638471,361369542432096,27413514990493,212876712329227
817000,30453685046381,361369542432096,27413514990493,212876712329227
818000,30464673834866,361369542432096,27411239570915,212876712329227
819000,30608004944468,361369542432096,27410463589441,212876712329227
820000,30613456827077,361369542432096,27407836041238,212876712329227
821000,30668192682974,361369542432096,27404302705795,212876712329227
822000,30709601206032,361985980788261,27403048959582,212671232877180
823000,30726348986092,361985980788261,27401493737542,212671232877180
824000,30769119063865,361985980788261,27395855092026,212671232877180
825000,30781246449856,361985980788261,27395010579074,212671232877180
826000,30789420759900,361985980788261,27394543148714,212671232877180
827000,30801920846723,361985980788261,27389145990205,212671232877180
828000,30826842923770,361985980788261,27387812145299,212671232877180
829000,30834246613782,361985980788261,27384184455203,212671232877180
830000,30844073602464,361985980788261,27377623277140,212671232877180
831000,30861335173928,361985980788261,27376695505352,212671232877180
832000,30876242270771,361985980788261,27375265783580,212671232877180
833000,30892726753657,361985980788261,27369369984994,212671232877180
834000,30914459225019,361985980788261,27368305199971,212671232877180
835000,30940990631509,362602419144426,27352362062283,212465753425133
836000,31008159634176,362602419144426,27349589170819,212465753425133
837000,31054243980884,362602419144426,27345704437671,212465753425133
838000,31252124066357,362602419144426,27341038325351,212465753425133
839000,31266207187057,362602419144426,27338791062209,212465753425133
840000,31273208624135,362602419144426,27337959386671,212465753425133
841000,31411881664206,362602419144426,27335587611281,212465753425133
842000,31463580420180,362602419144426,27334027364400,212465753425133
843000,31478731139777,362602419144426,27333203333885,212465753425133
844000,31485518528558,362602419144426,27332846711629,212465753425133
845000,31509492320866,362602419144426,27331912722081,212465753425133
846000,31515550176475,362602419144426,27330560350131,212465753425133
847000,31530002136843,362602419144426,27320045561605,212465753425133
848000,31539289350486,362602419144426,27318597750719,212465753425133
849000,31574352724257,363218857500591,27307035293471,212260273973086
850000,31606091798135,363218857500591,27303978381921,212260273973086
851000,31614550204240,363218857500591,27302542286261,212260273973086
852000,31638670091915,363218856500508,27301270926091,212260273973086
853000,31645076911057,363218856500508,27300269554456,212260273973086
854000,31657644210788,363218856500508,27299995330045,212260273973086
855000,31742217430086,363218856500508,27299089093663,212260273973086
856000,31742266496785,363218856500508,27298676417711,212260273973086
857000,31785801804220,363218856500508,27295643156868,212260273973086
858000,31793067683815,363218856500508,27290845394636,212260273973086
859000,31803373223617,363218856500508,27290022742211,212260273973086
860000,31874683844213,363218856500508,27289491164110,212260273973086
861000,31888167755965,363218856500508,27283861161932,212260273973086
862000,31897818770595,363218856500508,27281142176374,212260273973086
863000,31929481660602,363835294856673,27276188837679,212054794521039
864000,32142487224967,363835294856673,27269498066082,212054794521039
865000,32301596396193,363835294856673,27268457069184,212054794521039
866000,32309496979460,363835294856673,27267305208885,212054794521039
867000,32319777564400,363835294856673,27266727860896,212054794521039
868000,32330243696390,363835293856659,27263569825557,212054794521039
869000,32336828902963,363835293856659,27263569825557,212054794521039
870000,32415657482393,363835293856659,27263569825557,212054794521039
871000,32451041233579,363835293856659,27253884601053,212054794521039
872000,32511390450648,363835293856659,27250334696262,212054794521039
873000,32521744994366,363835293856659,27250051399139,212054794521039
874000,32524286764391,363835293856659,27249749071687,212054794521039
875000,32524754608815,363835293856659,27248968051226,212054794521039
876000,32558266651176,364451732212824,27247067388361,211849315068992
877000,32575787024064,364451732212824,27245621799309,211849315068992
878000,32205707634419,364451732212824,27243131306178,211849315068992
879000,32225379866181,364451732212824,27241843174211,211849315068992
880000,32239020996668,364451732212824,27240881479254,211849315068992
881000,32250201129096,364451732212824,27239772616488,211849315068992
882000,32254165296519,364451732212824,27237578317447,211849315068992
883000,32341280607616,364451732212824,27235999026628,211849315068992
884000,32358114196908,364451732212824,27234650129684,211849315068992
885000,32756317230192,364451732212824,27233226080263,211849315068992
886000,32893628392042,364451732212824,27232626271516,211849315068992
887000,32950715722886,364451732212824,27225955893681,211849315068992
888000,33019987223029,364451732212824,27225012888175,211849315068992
889000,33041322651897,364451732212824,27224483353360,211849315068992
890000,33087643903111,365068170568989,27223466353456,211643835616945
891000,33124997376054,365068170568989,27220975808157,211643835616945
892000,33160189608530,365068170568989,27219913914176,211643835616945
893000,33167775015414,365068170568989,27219557638234,211643835616945
894000,33179437430428,365068170568989,27218712421474,211643835616945
895000,33454256496484,365068170568989,27218267570952,211643835616945
896000,33457823242156,365068170568989,27218022481641,211643835616945
897000,33498018635850,365068170568989,27217219401732,211643835616945
898000,33506080873296,365068170568989,27216867964655,211643835616945
899000,33534758541758,365068170568989,27216476791339,211643835616945
900000,33559515505029,365068170568989,27216476791339,211643835616945
901000,33586494567809,365068170568989,27216113310626,211643835616945
902000,33615493143478,365068170568989,27216020051428,211643835616945
903000,33662456842641,365684608925154,27215923845359,211438356164898
904000,33702979370263,365684608925154,27215425939008,211438356164898
905000,33735651395835,365684608925154,27214996230688,211438356164898
906000,33748822723589,365684608925154,27213324778341,211438356164898
907000,33758492855401,365684608925154,27212230019845,211438356164898
908000,33773100486708,365684608925154,27212101637545,211438356164898
909000,33773523449718,365684608925154,27211455724104,211438356164898
910000,33770406999743,365684608925154,27211099225121,211438356164898
911000,33783679584632,365684608925154,27210686144338,211438356164898
912000,33806928003867,365684608925154,27209162975866,211438356164898
913000,33814337161384,365684608925154,27209119265294,211438356164898
914000,33818931665983,365684608925154,27205368997378,211438356164898
915000,33803599766733,365684608925154,27202163125486,211438356164898
916000,33845120244105,365684608925154,27201558347094,211438356164898
917000,33846314234849,366301047281319,27200953651867,211232876712851
918000,33895185478959,366301047281319,27199800484480,211232876712851
919000,33931186342577,366301047281319,27189607421508,211232876712851
920000,33948613077825,366301047281319,27186682141051,211232876712851
921000,33963616222560,366301047281319,27180821921645,211232876712851
922000,33974748472170,366301047281319,27178723577504,211232876712851
923000,33977851757665,366301047281319,27177348403012,211232876712851
924000,33988063573692,366301047281319,27174558892892,211232876712851
925000,34001763180718,366301047281319,27172051518087,211232876712851
926000,34007677096461,366301047281319,27171933889513,211232876712851
927000,34034269663030,366301047281319,27169059907992,211232876712851
928000,34039777671085,366301047281319,27167525965620,211232876712851
929000,34052506907494,366301047281319,27163773807233,211232876712851
930000,34105364372014,366917485637484,27162178465152,211027397260804
931000,34129484962772,366917485637484,27161955296391,211027397260804
932000,34145602891116,366917485637484,27160748432213,211027397260804
933000,34152375457095,366917485637484,27159420772602,211027397260804
934000,34164282223520,366917485637484,27159376559652,211027397260804
935000,34171838404210,366917485637484,27158158148112,211027397260804
936000,34191943626699,366917485637484,27158158148112,211027397260804
937000,34199943300089,366917485637484,27157985218778,211027397260804
938000,34216872425808,366917485637484,27157547423754,211027397260804
939000,34262339891106,366917485637484,27156128690009,211027397260804
940000,34271258357549,366917485637484,27155971492365,211027397260804
941000,34298332500648,366917485637484,27155581864137,211027397260804
942000,34321166130253,366917485637484,27155505577408,211027397260804
943000,34351416412996,366917485637484,27153546748803,211027397260804
944000,34650006420512,367533923993649,27153346226040,210821917808757
945000,34656300304493,367533923993649,27153346226040,210821917808757
946000,34667535900598,367533923993649,27153160142348,210821917808757
947000,34683000657569,367533923993649,27152716210291,210821917808757
948000,34691602130456,367533923993649,27152509853705,210821917808757
949000,34709129050082,367533923993649,27151659605023,210821917808757
950000,34719211346175,367533923993649,27151460916279,210821917808757
951000,34723106450448,367533923993649,27151460916279,210821917808757
952000,34730538154955,367533923993649,27150430537962,210821917808757
953000,34733033063019,367533923993649,27149885112691,210821917808757
954000,34746301795616,367533923993649,27149885112691,210821917808757
955000,34814420154948,367533923993649,27149481799239,210821917808757
956000,34849590279113,367533923993649,27148248638846,210821917808757
957000,34870622827230,368150362349814,27145720282433,210616438356710
958000,34914276184927,368150362349814,27144855175693,210616438356710
959000,34940765582472,368150362349814,27144696542103,210616438356710
960000,34960138466304,368150362349814,27144306095276,210616438356710
961000,34983623827462,368150362349814,27143002700908,210616438356710
962000,34988802459284,368150362349814,27142145969649,210616438356710
963000,34996729093125,368150362349814,27141986194177,210616438356710
964000,35004589833450,368150362349814,27141986194177,210616438356710
965000,35041345828229,368150362349814,27140958337522,210616438356710
966000,35043351450333,368150362349814,27140236258897,210616438356710
967000,35051694989318,368150362349814,27140013811187,210616438356710
968000,35054043036492,368150362349814,27139922220439,210616438356710
969000,35080668441035,368150362349814,27138443585001,210616438356710
970000,35124549550405,368766800705979,27137292575124,210410958904663
971000,35242404161633,368766800705979,27137202526682,210410958904663
972000,35272997517949,368766800705979,27136209690794,210410958904663
973000,35231685230707,368766800705979,27135975341307,210410958904663
974000,35248249274970,368766800705979,27135220926408,210410958904663
975000,35263310443567,368766800705979,27133794843815,210410958904663
976000,35272183822458,368766800705979,27132111858690,210410958904663
977000,35279275964573,368766800705979,27131825108109,210410958904663
978000,35288228511149,368766800705979,27130913343094,210410958904663
979000,35299898246074,368766800705979,27130513637305,210410958904663
980000,35311916287456,368766800705979,27129402269647,210410958904663
981000,35339246127834,368766800705979,27128208571919,210410958904663
982000,35348509762663,368766800705979,27126203821423,210410958904663
983000,35450947932830,369383239062144,27123702347570,210205479452616
984000,35481767938609,369383239062144,27121849686301,210205479452616
985000,35509023527714,369383239062144,27119163013494,210205479452616
986000,35725511523679,369383239062144,27117959273086,210205479452616
987000,35750007292644,369383239062144,27117789099863,210205479452616
988000,35760557344193,369383239062144,27117541879727,210205479452616
989000,35770725300618,369383239062144,27113254806042,210205479452616
990000,35766626098747,369383239062144,27113006114099,210205479452616
991000,35795132296310,369383239062144,27112994117199,210205479452616
992000,35798616605359,369383239062144,27110626893349,210205479452616
993000,35802340927733,369383239062144,27108446454141,210205479452616
994000,35804273702495,369383239062144,27098907066530,210205479452616
995000,36001680246141,369383239062144,27086663221868,210205479452616
996000,36042599020845,369999677418309,27075650097004,210000000000569
997000,36082950512675,369999677418309,27073246198528,210000000000569
998000,36128867644459,369999677418309,27072648281472,210000000000569
999000,36007122599039,369999677418309,27072050334797,210000000000569
1000000,36020626004968,369999677418309,27070362702609,210000000000569
1001000,36024556141336,369999677418309,27069454734868,210000000000569
1002000,36051192424556,369999677418309,27060030475258,210000000000569
1003000,36066884452730,369999677418309,27058758201471,210000000000569
1004000,36084206408806,369999677418309,27058606050803,210000000000569
1005000,36090790397823,369999677418309,27058118002781,210000000000569
1006000,36115463241921,369999677418309,27057134751119,210000000000569
1007000,36130137656652,369999677418309,27056003865777,210000000000569
1008000,36135676259524,369999677418309,27056003865777,210000000000569
1009000,36154297860840,369999677418309,27055945835222,210000000000569
1010000,36198161440780,370616115774474,27054335551747,209794520548522
1011000,36245170494121,370616115774474,27053533829156,209794520548522
1012000,36247956050366,370616115774474,27050436991368,209794520548522
1013000,36271345408253,370616115774474,27048015033338,209794520548522
1014000,36282101281401,370616115774474,27028746754818,209794520548522
1015000,36305182624433,370616115774474,27022487530444,209794520548522
1016000,36364116496684,370616115774474,27020497565536,209794520548522
1017000,36374173769395,370616115774474,27020272463796,209794520548522
1018000,36379480976218,370616115774474,27018486121033,209794520548522
1019000,36388481224456,370616115774474,27018486121033,209794520548522
1020000,36399027154979,370616115774474,27016612895991,209794520548522
1021000,36404751907751,370616115774474,27015780748799,209794520548522
1022000,36421078629984,370616115774474,27015561589888,209794520548522
1023000,36442354706247,371232554130639,27014553312962,209589041096475
1024000,36480388080788,371232554130639,27014113418291,209589041096475
1025000,36496218480939,371232554120639,27012864848113,209589041096475
1026000,36504078725619,371232554120639,27010962070677,209589041096475
1027000,36515917629404,371232554120639,27010838326148,209589041096475
1028000,36522336670882,371232554120639,27010720319762,209589041096475
1029000,36526317531937,371232554120639,27009807012469,209589041096475
1030000,36548195437201,371232554120639,27008479129021,209589041096475
1031000,36556712463756,371232554120639,27004649432587,209589041096475
1032000,36569521457633,371232554120639,27002764770143,209589041096475
1033000,36619424316280,371232554120639,27001780374607,209589041096475
1034000,36653737111890,371232554120639,27001674159757,209589041096475
1035000,36692400792721,371232554120639,27001342607671,209589041096475
1036000,36698491212430,371232554120639,27000348488176,209589041096475
1037000,36733979336339,371848992476804,26998156044090,209383561644428
1038000,36759365121460,371848992476804,26988246711372,209383561644428
1039000,36771004562390,371848992476804,26981561119347,209383561644428
1040000,36787450373267,371848992476804,26980749063731,209383561644428
1041000,36806465919742,371848992476804,26978183113089,209383561644428
1042000,36814110481411,371848992476804,26976230251981,209383561644428
1043000,36837627966642,371848992476804,26966899844617,209383561644428
1044000,36841981766495,371848992476804,26965387113819,209383561644428
1045000,36848451741145,371848992476804,26963845145439,209383561644428
1046000,36852580004384,371848992476804,26963845145439,209383561644428
1047000,36913916529958,371848992476804,26963799493658,209383561644428
1048000,36920174895767,371848992476804,26963696003904,209383561644428
1049000,36983220796567,371848992476804,26962470804588,209383561644428
1050000,37054146152942,372465430832969,26961878420955,209178082192381
1051000,37051516067641,372465430832969,26961436360314,209178082192381
1052000,37030646610511,372465430832969,26961221467774,209178082192381
1053000,37057102516402,372465430832969,26961045596623,209178082192381
1054000,37058216708657,372465430832969,26960616632147,209178082192381
1055000,37078085967787,372465430832969,26960153030922,209178082192381
1056000,37100205737039,372465430832969,26959035037604,209178082192381
1057000,37104338923173,372465430832969,26959035037604,209178082192381
1058000,37109920574796,372465430832969,26958925442331,209178082192381
1059000,37114986441628,372465430832969,26958659187240,209178082192381
1060000,37138281188803,372465430832969,26958659187240,209178082192381
1061000,37138023681248,372465430832969,26958189881472,209178082192381
1062000,37151717784643,372465430832969,26958171814838,209178082192381
1063000,37157850624628,372465430832969,26957637826854,209178082192381
1064000,37198995160753,373081869189134,26957363311722,208972602740334
1065000,37216207392246,373081869189134,26956786118982,208972602740334
1066000,37254516854490,373081869189134,26955069975225,208972602740334
1067000,37269245044301,373081869189134,26954508748522,208972602740334
1068000,37291022300184,373081869189134,26952746635789,208972602740334
1069000,37326198802842,373081869189134,26952150707095,208972602740334
1070000,37334873768529,373081869189134,26950802122437,208972602740334
1071000,37343239235930,373081869189134,26949981634764,208972602740334
1072000,37411168630685,373081869189134,26948429320115,208972602740334
1073000,37485986714746,373081869189134,26946334364015,208972602740334
1074000,37494283010263,373081869189134,26946302448092,208972602740334
1075000,37502340914862,373081869189134,26945989348754,208972602740334
1076000,37514220986116,373698307545299,26942187533371,208767123288287
1077000,37464809542325,373698307545299,26939844577881,208767123288287
1078000,37491870511458,373698307545299,26937304642988,208767123288287
1079000,37509346974246,373698307545299,26936453189332,208767123288287
1080000,37536464050347,373698307545299,26936076015034,208767123288287
1081000,37548947866555,373698307545299,26936076015034,208767123288287
1082000,37557987119653,373698307545299,26935217607211,208767123288287
1083000,37575808371951,373698307545299,26935217607211,208767123288287
1084000,37586989851265,373698307545299,26934941817867,208767123288287
1085000,37605579938404,373698307545299,26928155811130,208767123288287
1086000,37613094522705,373698307545299,26926579229273,208767123288287
1087000,37623604481827,373698307545299,26926579229273,208767123288287
1088000,37626330531023,373698307545299,26926340972615,208767123288287
1089000,37605199624371,373698307545299,26924074912292,208767123288287
1090000,37615000063296,374314745901464,26923159056550,208561643836240
1091000,37635175951461,374314745901464,26923159056550,208561643836240
1092000,37707926642217,374314745901464,26922958522027,208561643836240
1093000,37735150276717,374314745901464,26922920233449,208561643836240
1094000,37758386926605,374314745901464,26922799732868,208561643836240
1095000,37775006324565,374314745901464,26922799732868,208561643836240
1096000,37812156761213,374314745901464,26922349983429,208561643836240
1097000,37840916673729,374314745901464,26921879317333,208561643836240
1098000,37902214199527,374314745901464,26921827666003,208561643836240
1099000,37915509650004,374314745901464,26921147279422,208561643836240
1100000,37923347442206,374314745901464,26920921385737,208561643836240
1101000,37965591153809,374314745901464,26920510682304,208561643836240
1102000,37978844604875,374314745901464,26919923688506,208561643836240
1103000,38010278021915,374931184257629,26917931581507,208356164384193
1104000,38037542345665,374931184257629,26917931581507,208356164384193
1105000,38070287111585,374931184257629,26917931581507,208356164384193
1106000,38082835571931,374931184257629,26915131015470,208356164384193
1107000,38176855590629,374931184257629,26914611138816,208356164384193
1108000,38182964147658,374931184257629,26914509032886,208356164384193
1109000,38194562407367,374931184257629,26914408512770,208356164384193
1110000,38204184133619,374931184257629,26914357762920,208356164384193
1111000,38246998174045,374931184257629,26913458760432,208356164384193
1112000,38258437621137,374931184257629,26913458760432,208356164384193
1113000,38267710397052,374931184257629,26913458760432,208356164384193
1114000,38292688571203,374931184257629,26911111801260,208356164384193
1115000,38651826720427,374931184257629,26906751784566,208356164384193
1116000,38660919902579,374931184257629,26906028833599,208356164384193
1117000,38553714466123,375547622613794,26904881955080,208150684932146
1118000,38567982922668,375547622613794,26900627213230,208150684932146
1119000,38192270314738,375547622613794,26900354259006,208150684932146
1120000,38197181480302,375547622613794,26900321412782,208150684932146
1121000,38213562044597,375547622613794,26899884429933,208150684932146
1122000,38603087140504,375547622613794,26899806950518,208150684932146
1123000,38655365642501,375547622613794,26899065007903,208150684932146
1124000,38930173734189,375547622613794,26896672089045,208150684932146
1125000,38950511097234,375547622613794,26895957834689,208150684932146
1126000,38962826696871,375547622613794,26895399616091,208150684932146
1127000,38967949544338,375547622613794,26893158129967,208150684932146
1128000,39037866259944,375547622613794,26893053902969,208150684932146
1129000,39042829270557,375547622613794,26892045432646,208150684932146
1130000,39049423262837,376164060969959,26891397530254,207945205480099
1131000,39084338558702,376164060969959,26890849960869,207945205480099
1132000,39068984706450,376164060969959,26889757277106,207945205480099
1133000,39078465133762,376164060969959,26888189545930,207945205480099
1134000,39085842834824,376164060969959,26885221812500,207945205480099
1135000,39090374353369,376164060969959,26884557142302,207945205480099
1136000,39100226555645,376164060969959,26884292727100,207945205480099
1137000,39101993540815,376164060969959,26884181940312,207945205480099
1138000,39106613485968,376164060969959,26882780648630,207945205480099
1139000,39113216453754,376164060969959,26882734816977,207945205480099
1140000,39115984532656,376164060969959,26882266079125,207945205480099
1141000,39119589046434,376164060969959,26882102551340,207945205480099
1142000,39116442862784,376164060969959,26881225575321,207945205480099
1143000,39151412496960,376780499326124,26880416429952,207739726028052
1144000,39167557368371,376780499326124,26879759599162,207739726028052
1145000,39179137692842,376780499326124,26879398309650,207739726028052
1146000,39225402580242,376780499326124,26879239288554,207739726028052
1147000,39233958837800,376780499326124,26879120275422,207739726028052
1148000,39238518329061,376780499326124,26878994222203,207739726028052
1149000,39238980083348,376780499326124,26878048398044,207739726028052
1150000,39778672471848,376780499326124,26877849901346,207739726028052
1151000,39796080947180,376780499326124,26877345832691,207739726028052
1152000,39791137135275,376780499326124,26876958027423,207739726028052
1153000,39796739447909,376780499326124,26876832039213,207739726028052
1154000,39809887770399,376780499326124,26876534363749,207739726028052
1155000,39834948715875,376780499326124,26874408799745,207739726028052
1156000,39835539090191,377396937682289,26870773417760,207534246576005
1157000,39815101478799,377396937682289,26865779345414,207534246576005
1158000,39876386577571,377396937682289,26863077190250,207534246576005
1159000,39884547799511,377396937682289,26860856204236,207534246576005
1160000,39873637379773,377396937682289,26857991169333,207534246576005
1161000,39901398271584,377396937682289,26855525640682,207534246576005
1162000,39926720146064,377396937682289,26852401107471,207534246576005
1163000,40030898900892,377396937682289,26849758866652,207534246576005
1164000,40022739069770,377396937682289,26847348002706,207534246576005
1165000,40026612013773,377396937682289,26846740369911,207534246576005
1166000,40041530468327,377396937682289,26843748879677,207534246576005
1167000,40043858208346,377396937682289,26842677799544,207534246576005
1168000,40042223115285,377396937682289,26840850085630,207534246576005
1169000,40063673229508,377396937682289,26834730248285,207534246576005
1170000,40095607685646,378013376038454,26828017944414,207328767123958
1171000,40109507249853,378013376038454,26824811948125,207328767123958
1172000,40141800770027,378013376038454,26822856655217,207328767123958
1173000,40112248754160,378013376038454,26821516302664,207328767123958
1174000,40130839049762,378013376038454,26820095092818,207328767123958
1175000,40138786878938,378013376038454,26816430796816,207328767123958
1176000,40148017097727,378013376038454,26805982747290,207328767123958
1177000,40153072669293,378013376038454,26804908902588,207328767123958
1178000,40163649099479,378013376038454,26802683520177,207328767123958
1179000,40280860578791,378013376038454,26795782414876,207328767123958
1180000,40289163200132,378013376038454,26792943862653,207328767123958
1181000,40295033379156,378013376038454,26792115379887,207328767123958
1182000,40305409972621,378013376038454,26788725292296,207328767123958
1183000,40479792055782,378629814394619,26786650012781,207123287671911
1184000,40491373992206,378629814394619,26777743088728,207123287671911
1185000,40514018409843,378629814394619,26771102294688,207123287671911
1186000,40540191618064,378629814394619,26764933369132,207123287671911
1187000,40564724822468,378629814394619,26763829596522,207123287671911
1188000,40568119425951,378629814394619,26763543661925,207123287671911
1189000,40620188436567,378629814394619,26725556880108,207123287671911
1190000,40636287875220,378629814394619,26724256890348,207123287671911
1191000,40643283472906,378629814394619,26720667131951,207123287671911
1192000,40644921929931,378629814394619,26719579679979,207123287671911
1193000,40660783711465,378629814394619,26717792405709,207123287671911
1194000,40704304911439,378629814394619,26717598242480,207123287671911
1195000,40774836991671,378629814394619,26716053129248,207123287671911
1196000,40804775875915,379246252750784,26714413528983,206917808219864
1197000,40825766580994,379246252750784,26712293649677,206917808219864
1198000,40837873625814,379246252750784,26710341168736,206917808219864
1199000,40870179570120,379246252750784,26710336270072,206917808219864
1200000,40876626115840,379246252750784,26710279013089,206917808219864
1201000,40916195276497,379246252750784,26706990407582,206917808219864
1202000,40914896438858,379246252750784,26706990407582,206917808219864